name,url
அகில் (நடிகர்),https://ta.wikipedia.org/wiki/%E0%AE%85%E0%AE%95%E0%AE%BF%E0%AE%B2%E0%AF%8D_(%E0%AE%A8%E0%AE%9F%E0%AE%BF%E0%AE%95%E0%AE%B0%E0%AF%8D)
அகிலன் (நடிகர்),https://ta.wikipedia.org/wiki/%E0%AE%85%E0%AE%95%E0%AE%BF%E0%AE%B2%E0%AE%A9%E0%AF%8D_(%E0%AE%A8%E0%AE%9F%E0%AE%BF%E0%AE%95%E0%AE%B0%E0%AF%8D)
அச்சமில்லை கோபி,https://ta.wikipedia.org/wiki/%E0%AE%85%E0%AE%9A%E0%AF%8D%E0%AE%9A%E0%AE%AE%E0%AE%BF%E0%AE%B2%E0%AF%8D%E0%AE%B2%E0%AF%88_%E0%AE%95%E0%AF%8B%E0%AE%AA%E0%AE%BF
அசோக் செல்வன்,https://ta.wikipedia.org/wiki/%E0%AE%85%E0%AE%9A%E0%AF%8B%E0%AE%95%E0%AF%8D_%E0%AE%9A%E0%AF%86%E0%AE%B2%E0%AF%8D%E0%AE%B5%E0%AE%A9%E0%AF%8D
அட்டகத்தி தினேஷ்,https://ta.wikipedia.org/wiki/%E0%AE%85%E0%AE%9F%E0%AF%8D%E0%AE%9F%E0%AE%95%E0%AE%A4%E0%AF%8D%E0%AE%A4%E0%AE%BF_%E0%AE%A4%E0%AE%BF%E0%AE%A9%E0%AF%87%E0%AE%B7%E0%AF%8D
அதர்வா,https://ta.wikipedia.org/wiki/%E0%AE%85%E0%AE%A4%E0%AE%B0%E0%AF%8D%E0%AE%B5%E0%AE%BE
அப்பாஸ் (நடிகர்),https://ta.wikipedia.org/wiki/%E0%AE%85%E0%AE%AA%E0%AF%8D%E0%AE%AA%E0%AE%BE%E0%AE%B8%E0%AF%8D_(%E0%AE%A8%E0%AE%9F%E0%AE%BF%E0%AE%95%E0%AE%B0%E0%AF%8D)
அப்புக்குட்டி,https://ta.wikipedia.org/wiki/%E0%AE%85%E0%AE%AA%E0%AF%8D%E0%AE%AA%E0%AF%81%E0%AE%95%E0%AF%8D%E0%AE%95%E0%AF%81%E0%AE%9F%E0%AF%8D%E0%AE%9F%E0%AE%BF
அபிசரவணன்,https://ta.wikipedia.org/wiki/%E0%AE%85%E0%AE%AA%E0%AE%BF%E0%AE%9A%E0%AE%B0%E0%AE%B5%E0%AE%A3%E0%AE%A9%E0%AF%8D
அபிசேக் சங்கர்,https://ta.wikipedia.org/wiki/%E0%AE%85%E0%AE%AA%E0%AE%BF%E0%AE%9A%E0%AF%87%E0%AE%95%E0%AF%8D_%E0%AE%9A%E0%AE%99%E0%AF%8D%E0%AE%95%E0%AE%B0%E0%AF%8D
அபிசேக் வினோத்,https://ta.wikipedia.org/wiki/%E0%AE%85%E0%AE%AA%E0%AE%BF%E0%AE%9A%E0%AF%87%E0%AE%95%E0%AF%8D_%E0%AE%B5%E0%AE%BF%E0%AE%A9%E0%AF%8B%E0%AE%A4%E0%AF%8D
அபிநய்,https://ta.wikipedia.org/wiki/%E0%AE%85%E0%AE%AA%E0%AE%BF%E0%AE%A8%E0%AE%AF%E0%AF%8D
அபிநய் வட்டி,https://ta.wikipedia.org/wiki/%E0%AE%85%E0%AE%AA%E0%AE%BF%E0%AE%A8%E0%AE%AF%E0%AF%8D_%E0%AE%B5%E0%AE%9F%E0%AF%8D%E0%AE%9F%E0%AE%BF
அம்சவர்தன்,https://ta.wikipedia.org/wiki/%E0%AE%85%E0%AE%AE%E0%AF%8D%E0%AE%9A%E0%AE%B5%E0%AE%B0%E0%AF%8D%E0%AE%A4%E0%AE%A9%E0%AF%8D
அம்பானி சங்கர்,https://ta.wikipedia.org/wiki/%E0%AE%85%E0%AE%AE%E0%AF%8D%E0%AE%AA%E0%AE%BE%E0%AE%A9%E0%AE%BF_%E0%AE%9A%E0%AE%99%E0%AF%8D%E0%AE%95%E0%AE%B0%E0%AF%8D
அமித் பார்கவ்,https://ta.wikipedia.org/wiki/%E0%AE%85%E0%AE%AE%E0%AE%BF%E0%AE%A4%E0%AF%8D_%E0%AE%AA%E0%AE%BE%E0%AE%B0%E0%AF%8D%E0%AE%95%E0%AE%B5%E0%AF%8D
அர்ஜுன்,https://ta.wikipedia.org/wiki/%E0%AE%85%E0%AE%B0%E0%AF%8D%E0%AE%9C%E0%AF%81%E0%AE%A9%E0%AF%8D
அர்ஜூன் தாஸ்,https://ta.wikipedia.org/wiki/%E0%AE%85%E0%AE%B0%E0%AF%8D%E0%AE%9C%E0%AF%82%E0%AE%A9%E0%AF%8D_%E0%AE%A4%E0%AE%BE%E0%AE%B8%E0%AF%8D
அரவிந்த்சாமி,https://ta.wikipedia.org/wiki/%E0%AE%85%E0%AE%B0%E0%AE%B5%E0%AE%BF%E0%AE%A8%E0%AF%8D%E0%AE%A4%E0%AF%8D%E0%AE%9A%E0%AE%BE%E0%AE%AE%E0%AE%BF
அரவிந்து ஆகாசு,https://ta.wikipedia.org/wiki/%E0%AE%85%E0%AE%B0%E0%AE%B5%E0%AE%BF%E0%AE%A8%E0%AF%8D%E0%AE%A4%E0%AF%81_%E0%AE%86%E0%AE%95%E0%AE%BE%E0%AE%9A%E0%AF%81
அருண் பாண்டியன்,https://ta.wikipedia.org/wiki/%E0%AE%85%E0%AE%B0%E0%AF%81%E0%AE%A3%E0%AF%8D_%E0%AE%AA%E0%AE%BE%E0%AE%A3%E0%AF%8D%E0%AE%9F%E0%AE%BF%E0%AE%AF%E0%AE%A9%E0%AF%8D
அருண் பிரசாத் (நடிகர்),https://ta.wikipedia.org/wiki/%E0%AE%85%E0%AE%B0%E0%AF%81%E0%AE%A3%E0%AF%8D_%E0%AE%AA%E0%AE%BF%E0%AE%B0%E0%AE%9A%E0%AE%BE%E0%AE%A4%E0%AF%8D_(%E0%AE%A8%E0%AE%9F%E0%AE%BF%E0%AE%95%E0%AE%B0%E0%AF%8D)
அருண் விஜய்,https://ta.wikipedia.org/wiki/%E0%AE%85%E0%AE%B0%E0%AF%81%E0%AE%A3%E0%AF%8D_%E0%AE%B5%E0%AE%BF%E0%AE%9C%E0%AE%AF%E0%AF%8D
அருண்ராஜா காமராஜ்,https://ta.wikipedia.org/wiki/%E0%AE%85%E0%AE%B0%E0%AF%81%E0%AE%A3%E0%AF%8D%E0%AE%B0%E0%AE%BE%E0%AE%9C%E0%AE%BE_%E0%AE%95%E0%AE%BE%E0%AE%AE%E0%AE%B0%E0%AE%BE%E0%AE%9C%E0%AF%8D
அருள்தாஸ்,https://ta.wikipedia.org/wiki/%E0%AE%85%E0%AE%B0%E0%AF%81%E0%AE%B3%E0%AF%8D%E0%AE%A4%E0%AE%BE%E0%AE%B8%E0%AF%8D
அருள்நிதி,https://ta.wikipedia.org/wiki/%E0%AE%85%E0%AE%B0%E0%AF%81%E0%AE%B3%E0%AF%8D%E0%AE%A8%E0%AE%BF%E0%AE%A4%E0%AE%BF
அல்லு சிரிஷ்,https://ta.wikipedia.org/wiki/%E0%AE%85%E0%AE%B2%E0%AF%8D%E0%AE%B2%E0%AF%81_%E0%AE%9A%E0%AE%BF%E0%AE%B0%E0%AE%BF%E0%AE%B7%E0%AF%8D
அலெக்ஸ் (நடிகர்),https://ta.wikipedia.org/wiki/%E0%AE%85%E0%AE%B2%E0%AF%86%E0%AE%95%E0%AF%8D%E0%AE%B8%E0%AF%8D_(%E0%AE%A8%E0%AE%9F%E0%AE%BF%E0%AE%95%E0%AE%B0%E0%AF%8D)
அழகம்பெருமாள்,https://ta.wikipedia.org/wiki/%E0%AE%85%E0%AE%B4%E0%AE%95%E0%AE%AE%E0%AF%8D%E0%AE%AA%E0%AF%86%E0%AE%B0%E0%AF%81%E0%AE%AE%E0%AE%BE%E0%AE%B3%E0%AF%8D
அனந்த் நாக்,https://ta.wikipedia.org/wiki/%E0%AE%85%E0%AE%A9%E0%AE%A8%E0%AF%8D%E0%AE%A4%E0%AF%8D_%E0%AE%A8%E0%AE%BE%E0%AE%95%E0%AF%8D
அனில் முரளி,https://ta.wikipedia.org/wiki/%E0%AE%85%E0%AE%A9%E0%AE%BF%E0%AE%B2%E0%AF%8D_%E0%AE%AE%E0%AF%81%E0%AE%B0%E0%AE%B3%E0%AE%BF
அனுஜா ஐயர்,https://ta.wikipedia.org/wiki/%E0%AE%85%E0%AE%A9%E0%AF%81%E0%AE%9C%E0%AE%BE_%E0%AE%90%E0%AE%AF%E0%AE%B0%E0%AF%8D
அஜ்மல் அமீர்,https://ta.wikipedia.org/wiki/%E0%AE%85%E0%AE%9C%E0%AF%8D%E0%AE%AE%E0%AE%B2%E0%AF%8D_%E0%AE%85%E0%AE%AE%E0%AF%80%E0%AE%B0%E0%AF%8D
அஜய் ரத்னம்,https://ta.wikipedia.org/wiki/%E0%AE%85%E0%AE%9C%E0%AE%AF%E0%AF%8D_%E0%AE%B0%E0%AE%A4%E0%AF%8D%E0%AE%A9%E0%AE%AE%E0%AF%8D
அஜயன்பாலா,https://ta.wikipedia.org/wiki/%E0%AE%85%E0%AE%9C%E0%AE%AF%E0%AE%A9%E0%AF%8D%E0%AE%AA%E0%AE%BE%E0%AE%B2%E0%AE%BE
அஜித் குமார்,https://ta.wikipedia.org/wiki/%E0%AE%85%E0%AE%9C%E0%AE%BF%E0%AE%A4%E0%AF%8D_%E0%AE%95%E0%AF%81%E0%AE%AE%E0%AE%BE%E0%AE%B0%E0%AF%8D
அஷ்வின் ராஜா,https://ta.wikipedia.org/wiki/%E0%AE%85%E0%AE%B7%E0%AF%8D%E0%AE%B5%E0%AE%BF%E0%AE%A9%E0%AF%8D_%E0%AE%B0%E0%AE%BE%E0%AE%9C%E0%AE%BE
அஸ்வந்த் திலக்,https://ta.wikipedia.org/wiki/%E0%AE%85%E0%AE%B8%E0%AF%8D%E0%AE%B5%E0%AE%A8%E0%AF%8D%E0%AE%A4%E0%AF%8D_%E0%AE%A4%E0%AE%BF%E0%AE%B2%E0%AE%95%E0%AF%8D
அஸ்வின் ககுமனு,https://ta.wikipedia.org/wiki/%E0%AE%85%E0%AE%B8%E0%AF%8D%E0%AE%B5%E0%AE%BF%E0%AE%A9%E0%AF%8D_%E0%AE%95%E0%AE%95%E0%AF%81%E0%AE%AE%E0%AE%A9%E0%AF%81
அஸ்வின் குமார்,https://ta.wikipedia.org/wiki/%E0%AE%85%E0%AE%B8%E0%AF%8D%E0%AE%B5%E0%AE%BF%E0%AE%A9%E0%AF%8D_%E0%AE%95%E0%AF%81%E0%AE%AE%E0%AE%BE%E0%AE%B0%E0%AF%8D
முருகதாஸ் (நடிகர்),https://ta.wikipedia.org/wiki/%E0%AE%AE%E0%AF%81%E0%AE%B0%E0%AF%81%E0%AE%95%E0%AE%A4%E0%AE%BE%E0%AE%B8%E0%AF%8D_(%E0%AE%A8%E0%AE%9F%E0%AE%BF%E0%AE%95%E0%AE%B0%E0%AF%8D)
ஆடுகளம் நரேன்,https://ta.wikipedia.org/wiki/%E0%AE%86%E0%AE%9F%E0%AF%81%E0%AE%95%E0%AE%B3%E0%AE%AE%E0%AF%8D_%E0%AE%A8%E0%AE%B0%E0%AF%87%E0%AE%A9%E0%AF%8D
ஆதி (நடிகர்),https://ta.wikipedia.org/wiki/%E0%AE%86%E0%AE%A4%E0%AE%BF_(%E0%AE%A8%E0%AE%9F%E0%AE%BF%E0%AE%95%E0%AE%B0%E0%AF%8D)
ஆதித்யா (நடிகர்),https://ta.wikipedia.org/wiki/%E0%AE%86%E0%AE%A4%E0%AE%BF%E0%AE%A4%E0%AF%8D%E0%AE%AF%E0%AE%BE_(%E0%AE%A8%E0%AE%9F%E0%AE%BF%E0%AE%95%E0%AE%B0%E0%AF%8D)
ஆர். என். ஆர். மனோகர்,https://ta.wikipedia.org/wiki/%E0%AE%86%E0%AE%B0%E0%AF%8D._%E0%AE%8E%E0%AE%A9%E0%AF%8D._%E0%AE%86%E0%AE%B0%E0%AF%8D._%E0%AE%AE%E0%AE%A9%E0%AF%8B%E0%AE%95%E0%AE%B0%E0%AF%8D
ஆர். எஸ். சிவாஜி,https://ta.wikipedia.org/wiki/%E0%AE%86%E0%AE%B0%E0%AF%8D._%E0%AE%8E%E0%AE%B8%E0%AF%8D._%E0%AE%9A%E0%AE%BF%E0%AE%B5%E0%AE%BE%E0%AE%9C%E0%AE%BF
ஆர். எஸ். ஜி. செல்லதுரை,https://ta.wikipedia.org/wiki/%E0%AE%86%E0%AE%B0%E0%AF%8D._%E0%AE%8E%E0%AE%B8%E0%AF%8D._%E0%AE%9C%E0%AE%BF._%E0%AE%9A%E0%AF%86%E0%AE%B2%E0%AF%8D%E0%AE%B2%E0%AE%A4%E0%AF%81%E0%AE%B0%E0%AF%88
ஆர். கே. (நடிகர்),https://ta.wikipedia.org/wiki/%E0%AE%86%E0%AE%B0%E0%AF%8D._%E0%AE%95%E0%AF%87._(%E0%AE%A8%E0%AE%9F%E0%AE%BF%E0%AE%95%E0%AE%B0%E0%AF%8D)
ஆர். பாலசுப்பிரமணியம்,https://ta.wikipedia.org/wiki/%E0%AE%86%E0%AE%B0%E0%AF%8D._%E0%AE%AA%E0%AE%BE%E0%AE%B2%E0%AE%9A%E0%AF%81%E0%AE%AA%E0%AF%8D%E0%AE%AA%E0%AE%BF%E0%AE%B0%E0%AE%AE%E0%AE%A3%E0%AE%BF%E0%AE%AF%E0%AE%AE%E0%AF%8D
ஆர். முத்துராமன்,https://ta.wikipedia.org/wiki/%E0%AE%86%E0%AE%B0%E0%AF%8D._%E0%AE%AE%E0%AF%81%E0%AE%A4%E0%AF%8D%E0%AE%A4%E0%AF%81%E0%AE%B0%E0%AE%BE%E0%AE%AE%E0%AE%A9%E0%AF%8D
ஆர். ஜே. பாலாஜி,https://ta.wikipedia.org/wiki/%E0%AE%86%E0%AE%B0%E0%AF%8D._%E0%AE%9C%E0%AF%87._%E0%AE%AA%E0%AE%BE%E0%AE%B2%E0%AE%BE%E0%AE%9C%E0%AE%BF
ஆர்யா,https://ta.wikipedia.org/wiki/%E0%AE%86%E0%AE%B0%E0%AF%8D%E0%AE%AF%E0%AE%BE
ஆரவ்,https://ta.wikipedia.org/wiki/%E0%AE%86%E0%AE%B0%E0%AE%B5%E0%AF%8D
ஆரி (நடிகர்),https://ta.wikipedia.org/wiki/%E0%AE%86%E0%AE%B0%E0%AE%BF_(%E0%AE%A8%E0%AE%9F%E0%AE%BF%E0%AE%95%E0%AE%B0%E0%AF%8D)
ஆரியன் (நடிகர்),https://ta.wikipedia.org/wiki/%E0%AE%86%E0%AE%B0%E0%AE%BF%E0%AE%AF%E0%AE%A9%E0%AF%8D_(%E0%AE%A8%E0%AE%9F%E0%AE%BF%E0%AE%95%E0%AE%B0%E0%AF%8D)
ஆனந்த் (நடிகர்),https://ta.wikipedia.org/wiki/%E0%AE%86%E0%AE%A9%E0%AE%A8%E0%AF%8D%E0%AE%A4%E0%AF%8D_(%E0%AE%A8%E0%AE%9F%E0%AE%BF%E0%AE%95%E0%AE%B0%E0%AF%8D)
ஆனந்த் பாபு,https://ta.wikipedia.org/wiki/%E0%AE%86%E0%AE%A9%E0%AE%A8%E0%AF%8D%E0%AE%A4%E0%AF%8D_%E0%AE%AA%E0%AE%BE%E0%AE%AA%E0%AF%81
ஆனந்த் ராஜ் (நடிகர்),https://ta.wikipedia.org/wiki/%E0%AE%86%E0%AE%A9%E0%AE%A8%E0%AF%8D%E0%AE%A4%E0%AF%8D_%E0%AE%B0%E0%AE%BE%E0%AE%9C%E0%AF%8D_(%E0%AE%A8%E0%AE%9F%E0%AE%BF%E0%AE%95%E0%AE%B0%E0%AF%8D)
ஆஷிஷ் வித்யார்த்தி,https://ta.wikipedia.org/wiki/%E0%AE%86%E0%AE%B7%E0%AE%BF%E0%AE%B7%E0%AF%8D_%E0%AE%B5%E0%AE%BF%E0%AE%A4%E0%AF%8D%E0%AE%AF%E0%AE%BE%E0%AE%B0%E0%AF%8D%E0%AE%A4%E0%AF%8D%E0%AE%A4%E0%AE%BF
இ. வி. கணேஷ் பாபு,https://ta.wikipedia.org/wiki/%E0%AE%87._%E0%AE%B5%E0%AE%BF._%E0%AE%95%E0%AE%A3%E0%AF%87%E0%AE%B7%E0%AF%8D_%E0%AE%AA%E0%AE%BE%E0%AE%AA%E0%AF%81
இமான் அண்ணாச்சி,https://ta.wikipedia.org/wiki/%E0%AE%87%E0%AE%AE%E0%AE%BE%E0%AE%A9%E0%AF%8D_%E0%AE%85%E0%AE%A3%E0%AF%8D%E0%AE%A3%E0%AE%BE%E0%AE%9A%E0%AF%8D%E0%AE%9A%E0%AE%BF
இரகுவண்ணன்,https://ta.wikipedia.org/wiki/%E0%AE%87%E0%AE%B0%E0%AE%95%E0%AF%81%E0%AE%B5%E0%AE%A3%E0%AF%8D%E0%AE%A3%E0%AE%A9%E0%AF%8D
இரசினிகாந்து,https://ta.wikipedia.org/wiki/%E0%AE%87%E0%AE%B0%E0%AE%9A%E0%AE%BF%E0%AE%A9%E0%AE%BF%E0%AE%95%E0%AE%BE%E0%AE%A8%E0%AF%8D%E0%AE%A4%E0%AF%81
இரவிகாந்த்,https://ta.wikipedia.org/wiki/%E0%AE%87%E0%AE%B0%E0%AE%B5%E0%AE%BF%E0%AE%95%E0%AE%BE%E0%AE%A8%E0%AF%8D%E0%AE%A4%E0%AF%8D
இரா. சங்கரன்,https://ta.wikipedia.org/wiki/%E0%AE%87%E0%AE%B0%E0%AE%BE._%E0%AE%9A%E0%AE%99%E0%AF%8D%E0%AE%95%E0%AE%B0%E0%AE%A9%E0%AF%8D
இரா. சு. மனோகர்,https://ta.wikipedia.org/wiki/%E0%AE%87%E0%AE%B0%E0%AE%BE._%E0%AE%9A%E0%AF%81._%E0%AE%AE%E0%AE%A9%E0%AF%8B%E0%AE%95%E0%AE%B0%E0%AF%8D
இராசா சாண்டோ,https://ta.wikipedia.org/wiki/%E0%AE%87%E0%AE%B0%E0%AE%BE%E0%AE%9A%E0%AE%BE_%E0%AE%9A%E0%AE%BE%E0%AE%A3%E0%AF%8D%E0%AE%9F%E0%AF%8B
இராசேந்திரன் (நடிகர்),https://ta.wikipedia.org/wiki/%E0%AE%87%E0%AE%B0%E0%AE%BE%E0%AE%9A%E0%AF%87%E0%AE%A8%E0%AF%8D%E0%AE%A4%E0%AE%BF%E0%AE%B0%E0%AE%A9%E0%AF%8D_(%E0%AE%A8%E0%AE%9F%E0%AE%BF%E0%AE%95%E0%AE%B0%E0%AF%8D)
இராதாகிருஷ்ணன் பார்த்திபன்,https://ta.wikipedia.org/wiki/%E0%AE%87%E0%AE%B0%E0%AE%BE%E0%AE%A4%E0%AE%BE%E0%AE%95%E0%AE%BF%E0%AE%B0%E0%AF%81%E0%AE%B7%E0%AF%8D%E0%AE%A3%E0%AE%A9%E0%AF%8D_%E0%AE%AA%E0%AE%BE%E0%AE%B0%E0%AF%8D%E0%AE%A4%E0%AF%8D%E0%AE%A4%E0%AE%BF%E0%AE%AA%E0%AE%A9%E0%AF%8D
இராமகிருட்டிணா (கன்னட நடிகர்),https://ta.wikipedia.org/wiki/%E0%AE%87%E0%AE%B0%E0%AE%BE%E0%AE%AE%E0%AE%95%E0%AE%BF%E0%AE%B0%E0%AF%81%E0%AE%9F%E0%AF%8D%E0%AE%9F%E0%AE%BF%E0%AE%A3%E0%AE%BE_(%E0%AE%95%E0%AE%A9%E0%AF%8D%E0%AE%A9%E0%AE%9F_%E0%AE%A8%E0%AE%9F%E0%AE%BF%E0%AE%95%E0%AE%B0%E0%AF%8D)
இராஜபாபு (நடிகர்),https://ta.wikipedia.org/wiki/%E0%AE%87%E0%AE%B0%E0%AE%BE%E0%AE%9C%E0%AE%AA%E0%AE%BE%E0%AE%AA%E0%AF%81_(%E0%AE%A8%E0%AE%9F%E0%AE%BF%E0%AE%95%E0%AE%B0%E0%AF%8D)
இராஜீவ் கிருஷ்ணா,https://ta.wikipedia.org/wiki/%E0%AE%87%E0%AE%B0%E0%AE%BE%E0%AE%9C%E0%AF%80%E0%AE%B5%E0%AF%8D_%E0%AE%95%E0%AE%BF%E0%AE%B0%E0%AF%81%E0%AE%B7%E0%AF%8D%E0%AE%A3%E0%AE%BE
இளங்கோ நாகராஜா,https://ta.wikipedia.org/wiki/%E0%AE%87%E0%AE%B3%E0%AE%99%E0%AF%8D%E0%AE%95%E0%AF%8B_%E0%AE%A8%E0%AE%BE%E0%AE%95%E0%AE%B0%E0%AE%BE%E0%AE%9C%E0%AE%BE
இளங்கோ குமரவேல்,https://ta.wikipedia.org/wiki/%E0%AE%87%E0%AE%B3%E0%AE%99%E0%AF%8D%E0%AE%95%E0%AF%8B_%E0%AE%95%E0%AF%81%E0%AE%AE%E0%AE%B0%E0%AE%B5%E0%AF%87%E0%AE%B2%E0%AF%8D
இளவரசு,https://ta.wikipedia.org/wiki/%E0%AE%87%E0%AE%B3%E0%AE%B5%E0%AE%B0%E0%AE%9A%E0%AF%81
ஈ. இராமதாஸ்,https://ta.wikipedia.org/wiki/%E0%AE%88._%E0%AE%87%E0%AE%B0%E0%AE%BE%E0%AE%AE%E0%AE%A4%E0%AE%BE%E0%AE%B8%E0%AF%8D
ஈ. எல். ஆதித்தன்,https://ta.wikipedia.org/wiki/%E0%AE%88._%E0%AE%8E%E0%AE%B2%E0%AF%8D._%E0%AE%86%E0%AE%A4%E0%AE%BF%E0%AE%A4%E0%AF%8D%E0%AE%A4%E0%AE%A9%E0%AF%8D
உதய் பிரகாஷ் (நடிகர்),https://ta.wikipedia.org/wiki/%E0%AE%89%E0%AE%A4%E0%AE%AF%E0%AF%8D_%E0%AE%AA%E0%AE%BF%E0%AE%B0%E0%AE%95%E0%AE%BE%E0%AE%B7%E0%AF%8D_(%E0%AE%A8%E0%AE%9F%E0%AE%BF%E0%AE%95%E0%AE%B0%E0%AF%8D)
உதயநிதி ஸ்டாலின்,https://ta.wikipedia.org/wiki/%E0%AE%89%E0%AE%A4%E0%AE%AF%E0%AE%A8%E0%AE%BF%E0%AE%A4%E0%AE%BF_%E0%AE%B8%E0%AF%8D%E0%AE%9F%E0%AE%BE%E0%AE%B2%E0%AE%BF%E0%AE%A9%E0%AF%8D
உதயராஜ்,https://ta.wikipedia.org/wiki/%E0%AE%89%E0%AE%A4%E0%AE%AF%E0%AE%B0%E0%AE%BE%E0%AE%9C%E0%AF%8D
உதயா (நடிகர்),https://ta.wikipedia.org/wiki/%E0%AE%89%E0%AE%A4%E0%AE%AF%E0%AE%BE_(%E0%AE%A8%E0%AE%9F%E0%AE%BF%E0%AE%95%E0%AE%B0%E0%AF%8D)
உபேந்திரா லிமாயி,https://ta.wikipedia.org/wiki/%E0%AE%89%E0%AE%AA%E0%AF%87%E0%AE%A8%E0%AF%8D%E0%AE%A4%E0%AE%BF%E0%AE%B0%E0%AE%BE_%E0%AE%B2%E0%AE%BF%E0%AE%AE%E0%AE%BE%E0%AE%AF%E0%AE%BF
உன்னி முகுந்தன்,https://ta.wikipedia.org/wiki/%E0%AE%89%E0%AE%A9%E0%AF%8D%E0%AE%A9%E0%AE%BF_%E0%AE%AE%E0%AF%81%E0%AE%95%E0%AF%81%E0%AE%A8%E0%AF%8D%E0%AE%A4%E0%AE%A9%E0%AF%8D
எம். ஆர். ஆர். வாசு,https://ta.wikipedia.org/wiki/%E0%AE%8E%E0%AE%AE%E0%AF%8D._%E0%AE%86%E0%AE%B0%E0%AF%8D._%E0%AE%86%E0%AE%B0%E0%AF%8D._%E0%AE%B5%E0%AE%BE%E0%AE%9A%E0%AF%81
எம். ஆர். எஸ். மணி,https://ta.wikipedia.org/wiki/%E0%AE%8E%E0%AE%AE%E0%AF%8D._%E0%AE%86%E0%AE%B0%E0%AF%8D._%E0%AE%8E%E0%AE%B8%E0%AF%8D._%E0%AE%AE%E0%AE%A3%E0%AE%BF
எம். ஆர். கிருஷ்ணமூர்த்தி,https://ta.wikipedia.org/wiki/%E0%AE%8E%E0%AE%AE%E0%AF%8D._%E0%AE%86%E0%AE%B0%E0%AF%8D._%E0%AE%95%E0%AE%BF%E0%AE%B0%E0%AF%81%E0%AE%B7%E0%AF%8D%E0%AE%A3%E0%AE%AE%E0%AF%82%E0%AE%B0%E0%AF%8D%E0%AE%A4%E0%AF%8D%E0%AE%A4%E0%AE%BF
எம். ஆர். ராதா,https://ta.wikipedia.org/wiki/%E0%AE%8E%E0%AE%AE%E0%AF%8D._%E0%AE%86%E0%AE%B0%E0%AF%8D._%E0%AE%B0%E0%AE%BE%E0%AE%A4%E0%AE%BE
எம். எசு. பாசுகர்,https://ta.wikipedia.org/wiki/%E0%AE%8E%E0%AE%AE%E0%AF%8D._%E0%AE%8E%E0%AE%9A%E0%AF%81._%E0%AE%AA%E0%AE%BE%E0%AE%9A%E0%AF%81%E0%AE%95%E0%AE%B0%E0%AF%8D
எம். எம். தண்டபாணி தேசிகர்,https://ta.wikipedia.org/wiki/%E0%AE%8E%E0%AE%AE%E0%AF%8D._%E0%AE%8E%E0%AE%AE%E0%AF%8D._%E0%AE%A4%E0%AE%A3%E0%AF%8D%E0%AE%9F%E0%AE%AA%E0%AE%BE%E0%AE%A3%E0%AE%BF_%E0%AE%A4%E0%AF%87%E0%AE%9A%E0%AE%BF%E0%AE%95%E0%AE%B0%E0%AF%8D
எம். கே. ராதா,https://ta.wikipedia.org/wiki/%E0%AE%8E%E0%AE%AE%E0%AF%8D._%E0%AE%95%E0%AF%87._%E0%AE%B0%E0%AE%BE%E0%AE%A4%E0%AE%BE
எம். டி. பார்த்தசாரதி,https://ta.wikipedia.org/wiki/%E0%AE%8E%E0%AE%AE%E0%AF%8D._%E0%AE%9F%E0%AE%BF._%E0%AE%AA%E0%AE%BE%E0%AE%B0%E0%AF%8D%E0%AE%A4%E0%AF%8D%E0%AE%A4%E0%AE%9A%E0%AE%BE%E0%AE%B0%E0%AE%A4%E0%AE%BF
எம். ஜி. ஆர். திரை வரலாறு,https://ta.wikipedia.org/wiki/%E0%AE%8E%E0%AE%AE%E0%AF%8D._%E0%AE%9C%E0%AE%BF._%E0%AE%86%E0%AE%B0%E0%AF%8D._%E0%AE%A4%E0%AE%BF%E0%AE%B0%E0%AF%88_%E0%AE%B5%E0%AE%B0%E0%AE%B2%E0%AE%BE%E0%AE%B1%E0%AF%81
எம். ஜி. சக்கரபாணி,https://ta.wikipedia.org/wiki/%E0%AE%8E%E0%AE%AE%E0%AF%8D._%E0%AE%9C%E0%AE%BF._%E0%AE%9A%E0%AE%95%E0%AF%8D%E0%AE%95%E0%AE%B0%E0%AE%AA%E0%AE%BE%E0%AE%A3%E0%AE%BF
எம். ஜி. சோமன்,https://ta.wikipedia.org/wiki/%E0%AE%8E%E0%AE%AE%E0%AF%8D._%E0%AE%9C%E0%AE%BF._%E0%AE%9A%E0%AF%8B%E0%AE%AE%E0%AE%A9%E0%AF%8D
எல். இராஜா,https://ta.wikipedia.org/wiki/%E0%AE%8E%E0%AE%B2%E0%AF%8D._%E0%AE%87%E0%AE%B0%E0%AE%BE%E0%AE%9C%E0%AE%BE
எல். ஐ. சி. நரசிம்மன்,https://ta.wikipedia.org/wiki/%E0%AE%8E%E0%AE%B2%E0%AF%8D._%E0%AE%90._%E0%AE%9A%E0%AE%BF._%E0%AE%A8%E0%AE%B0%E0%AE%9A%E0%AE%BF%E0%AE%AE%E0%AF%8D%E0%AE%AE%E0%AE%A9%E0%AF%8D
என். என். கண்ணப்பா,https://ta.wikipedia.org/wiki/%E0%AE%8E%E0%AE%A9%E0%AF%8D._%E0%AE%8E%E0%AE%A9%E0%AF%8D._%E0%AE%95%E0%AE%A3%E0%AF%8D%E0%AE%A3%E0%AE%AA%E0%AF%8D%E0%AE%AA%E0%AE%BE
என். எஸ். கிருஷ்ணன்,https://ta.wikipedia.org/wiki/%E0%AE%8E%E0%AE%A9%E0%AF%8D._%E0%AE%8E%E0%AE%B8%E0%AF%8D._%E0%AE%95%E0%AE%BF%E0%AE%B0%E0%AF%81%E0%AE%B7%E0%AF%8D%E0%AE%A3%E0%AE%A9%E0%AF%8D
என். மாத்ருபூதம்,https://ta.wikipedia.org/wiki/%E0%AE%8E%E0%AE%A9%E0%AF%8D._%E0%AE%AE%E0%AE%BE%E0%AE%A4%E0%AF%8D%E0%AE%B0%E0%AF%81%E0%AE%AA%E0%AF%82%E0%AE%A4%E0%AE%AE%E0%AF%8D
என்னத்த கன்னையா,https://ta.wikipedia.org/wiki/%E0%AE%8E%E0%AE%A9%E0%AF%8D%E0%AE%A9%E0%AE%A4%E0%AF%8D%E0%AE%A4_%E0%AE%95%E0%AE%A9%E0%AF%8D%E0%AE%A9%E0%AF%88%E0%AE%AF%E0%AE%BE
எஸ். எம். குமரேசன்,https://ta.wikipedia.org/wiki/%E0%AE%8E%E0%AE%B8%E0%AF%8D._%E0%AE%8E%E0%AE%AE%E0%AF%8D._%E0%AE%95%E0%AF%81%E0%AE%AE%E0%AE%B0%E0%AF%87%E0%AE%9A%E0%AE%A9%E0%AF%8D
எஸ். எம். ராமநாதன்,https://ta.wikipedia.org/wiki/%E0%AE%8E%E0%AE%B8%E0%AF%8D._%E0%AE%8E%E0%AE%AE%E0%AF%8D._%E0%AE%B0%E0%AE%BE%E0%AE%AE%E0%AE%A8%E0%AE%BE%E0%AE%A4%E0%AE%A9%E0%AF%8D
எஸ். எஸ். கொக்கோ,https://ta.wikipedia.org/wiki/%E0%AE%8E%E0%AE%B8%E0%AF%8D._%E0%AE%8E%E0%AE%B8%E0%AF%8D._%E0%AE%95%E0%AF%8A%E0%AE%95%E0%AF%8D%E0%AE%95%E0%AF%8B
எஸ். எஸ். சந்திரன்,https://ta.wikipedia.org/wiki/%E0%AE%8E%E0%AE%B8%E0%AF%8D._%E0%AE%8E%E0%AE%B8%E0%AF%8D._%E0%AE%9A%E0%AE%A8%E0%AF%8D%E0%AE%A4%E0%AE%BF%E0%AE%B0%E0%AE%A9%E0%AF%8D
எஸ். எஸ். ராஜேந்திரன்,https://ta.wikipedia.org/wiki/%E0%AE%8E%E0%AE%B8%E0%AF%8D._%E0%AE%8E%E0%AE%B8%E0%AF%8D._%E0%AE%B0%E0%AE%BE%E0%AE%9C%E0%AF%87%E0%AE%A8%E0%AF%8D%E0%AE%A4%E0%AE%BF%E0%AE%B0%E0%AE%A9%E0%AF%8D
எஸ். ஏ. அசோகன்,https://ta.wikipedia.org/wiki/%E0%AE%8E%E0%AE%B8%E0%AF%8D._%E0%AE%8F._%E0%AE%85%E0%AE%9A%E0%AF%8B%E0%AE%95%E0%AE%A9%E0%AF%8D
எஸ். ஏ. நடராஜன்,https://ta.wikipedia.org/wiki/%E0%AE%8E%E0%AE%B8%E0%AF%8D._%E0%AE%8F._%E0%AE%A8%E0%AE%9F%E0%AE%B0%E0%AE%BE%E0%AE%9C%E0%AE%A9%E0%AF%8D
எஸ். டி. சுப்பையா,https://ta.wikipedia.org/wiki/%E0%AE%8E%E0%AE%B8%E0%AF%8D._%E0%AE%9F%E0%AE%BF._%E0%AE%9A%E0%AF%81%E0%AE%AA%E0%AF%8D%E0%AE%AA%E0%AF%88%E0%AE%AF%E0%AE%BE
எஸ். பி. பாலசுப்பிரமணியம்,https://ta.wikipedia.org/wiki/%E0%AE%8E%E0%AE%B8%E0%AF%8D._%E0%AE%AA%E0%AE%BF._%E0%AE%AA%E0%AE%BE%E0%AE%B2%E0%AE%9A%E0%AF%81%E0%AE%AA%E0%AF%8D%E0%AE%AA%E0%AE%BF%E0%AE%B0%E0%AE%AE%E0%AE%A3%E0%AE%BF%E0%AE%AF%E0%AE%AE%E0%AF%8D
எஸ். பி. பி. சரண்,https://ta.wikipedia.org/wiki/%E0%AE%8E%E0%AE%B8%E0%AF%8D._%E0%AE%AA%E0%AE%BF._%E0%AE%AA%E0%AE%BF._%E0%AE%9A%E0%AE%B0%E0%AE%A3%E0%AF%8D
எஸ். வி. சகஸ்ரநாமம்,https://ta.wikipedia.org/wiki/%E0%AE%8E%E0%AE%B8%E0%AF%8D._%E0%AE%B5%E0%AE%BF._%E0%AE%9A%E0%AE%95%E0%AE%B8%E0%AF%8D%E0%AE%B0%E0%AE%A8%E0%AE%BE%E0%AE%AE%E0%AE%AE%E0%AF%8D
எஸ். வி. சுப்பையா,https://ta.wikipedia.org/wiki/%E0%AE%8E%E0%AE%B8%E0%AF%8D._%E0%AE%B5%E0%AE%BF._%E0%AE%9A%E0%AF%81%E0%AE%AA%E0%AF%8D%E0%AE%AA%E0%AF%88%E0%AE%AF%E0%AE%BE
எஸ். வி. சுப்பையா பாகவதர்,https://ta.wikipedia.org/wiki/%E0%AE%8E%E0%AE%B8%E0%AF%8D._%E0%AE%B5%E0%AE%BF._%E0%AE%9A%E0%AF%81%E0%AE%AA%E0%AF%8D%E0%AE%AA%E0%AF%88%E0%AE%AF%E0%AE%BE_%E0%AE%AA%E0%AE%BE%E0%AE%95%E0%AE%B5%E0%AE%A4%E0%AE%B0%E0%AF%8D
எஸ். வி. சேகர்,https://ta.wikipedia.org/wiki/%E0%AE%8E%E0%AE%B8%E0%AF%8D._%E0%AE%B5%E0%AE%BF._%E0%AE%9A%E0%AF%87%E0%AE%95%E0%AE%B0%E0%AF%8D
எஸ். வி. ரங்கராவ்,https://ta.wikipedia.org/wiki/%E0%AE%8E%E0%AE%B8%E0%AF%8D._%E0%AE%B5%E0%AE%BF._%E0%AE%B0%E0%AE%99%E0%AF%8D%E0%AE%95%E0%AE%B0%E0%AE%BE%E0%AE%B5%E0%AF%8D
எஸ். வி. வெங்கட்ராமன்,https://ta.wikipedia.org/wiki/%E0%AE%8E%E0%AE%B8%E0%AF%8D._%E0%AE%B5%E0%AE%BF._%E0%AE%B5%E0%AF%86%E0%AE%99%E0%AF%8D%E0%AE%95%E0%AE%9F%E0%AF%8D%E0%AE%B0%E0%AE%BE%E0%AE%AE%E0%AE%A9%E0%AF%8D
எஸ். ஜே. சூர்யா,https://ta.wikipedia.org/wiki/%E0%AE%8E%E0%AE%B8%E0%AF%8D._%E0%AE%9C%E0%AF%87._%E0%AE%9A%E0%AF%82%E0%AE%B0%E0%AF%8D%E0%AE%AF%E0%AE%BE
ஏ. ஆர். சீனிவாசன்,https://ta.wikipedia.org/wiki/%E0%AE%8F._%E0%AE%86%E0%AE%B0%E0%AF%8D._%E0%AE%9A%E0%AF%80%E0%AE%A9%E0%AE%BF%E0%AE%B5%E0%AE%BE%E0%AE%9A%E0%AE%A9%E0%AF%8D
ஏ. எல். அழகப்பன்,https://ta.wikipedia.org/wiki/%E0%AE%8F._%E0%AE%8E%E0%AE%B2%E0%AF%8D._%E0%AE%85%E0%AE%B4%E0%AE%95%E0%AE%AA%E0%AF%8D%E0%AE%AA%E0%AE%A9%E0%AF%8D
ஏ. எல். ராகவன்,https://ta.wikipedia.org/wiki/%E0%AE%8F._%E0%AE%8E%E0%AE%B2%E0%AF%8D._%E0%AE%B0%E0%AE%BE%E0%AE%95%E0%AE%B5%E0%AE%A9%E0%AF%8D
ஏ. கருணாநிதி,https://ta.wikipedia.org/wiki/%E0%AE%8F._%E0%AE%95%E0%AE%B0%E0%AF%81%E0%AE%A3%E0%AE%BE%E0%AE%A8%E0%AE%BF%E0%AE%A4%E0%AE%BF
ஏ. கே. வீராசாமி,https://ta.wikipedia.org/wiki/%E0%AE%8F._%E0%AE%95%E0%AF%87._%E0%AE%B5%E0%AF%80%E0%AE%B0%E0%AE%BE%E0%AE%9A%E0%AE%BE%E0%AE%AE%E0%AE%BF
ஏ. சி. முரளி மோகன்,https://ta.wikipedia.org/wiki/%E0%AE%8F._%E0%AE%9A%E0%AE%BF._%E0%AE%AE%E0%AF%81%E0%AE%B0%E0%AE%B3%E0%AE%BF_%E0%AE%AE%E0%AF%8B%E0%AE%95%E0%AE%A9%E0%AF%8D
ஏ. பி. நாகராசன்,https://ta.wikipedia.org/wiki/%E0%AE%8F._%E0%AE%AA%E0%AE%BF._%E0%AE%A8%E0%AE%BE%E0%AE%95%E0%AE%B0%E0%AE%BE%E0%AE%9A%E0%AE%A9%E0%AF%8D
ஏ. வி. எம். ராஜன்,https://ta.wikipedia.org/wiki/%E0%AE%8F._%E0%AE%B5%E0%AE%BF._%E0%AE%8E%E0%AE%AE%E0%AF%8D._%E0%AE%B0%E0%AE%BE%E0%AE%9C%E0%AE%A9%E0%AF%8D
ஏ. வி. ரமணன்,https://ta.wikipedia.org/wiki/%E0%AE%8F._%E0%AE%B5%E0%AE%BF._%E0%AE%B0%E0%AE%AE%E0%AE%A3%E0%AE%A9%E0%AF%8D
ஐ. எஸ். இராமச்சந்திரன்,https://ta.wikipedia.org/wiki/%E0%AE%90._%E0%AE%8E%E0%AE%B8%E0%AF%8D._%E0%AE%87%E0%AE%B0%E0%AE%BE%E0%AE%AE%E0%AE%9A%E0%AF%8D%E0%AE%9A%E0%AE%A8%E0%AF%8D%E0%AE%A4%E0%AE%BF%E0%AE%B0%E0%AE%A9%E0%AF%8D
ஐ. எஸ். முருகேசன்,https://ta.wikipedia.org/wiki/%E0%AE%90._%E0%AE%8E%E0%AE%B8%E0%AF%8D._%E0%AE%AE%E0%AF%81%E0%AE%B0%E0%AF%81%E0%AE%95%E0%AF%87%E0%AE%9A%E0%AE%A9%E0%AF%8D
ஐ. எஸ். முருகேஸ்,https://ta.wikipedia.org/wiki/%E0%AE%90._%E0%AE%8E%E0%AE%B8%E0%AF%8D._%E0%AE%AE%E0%AF%81%E0%AE%B0%E0%AF%81%E0%AE%95%E0%AF%87%E0%AE%B8%E0%AF%8D
ஐசரி வேலன்,https://ta.wikipedia.org/wiki/%E0%AE%90%E0%AE%9A%E0%AE%B0%E0%AE%BF_%E0%AE%B5%E0%AF%87%E0%AE%B2%E0%AE%A9%E0%AF%8D
ஒய். வி. ராவ்,https://ta.wikipedia.org/wiki/%E0%AE%92%E0%AE%AF%E0%AF%8D._%E0%AE%B5%E0%AE%BF._%E0%AE%B0%E0%AE%BE%E0%AE%B5%E0%AF%8D
ஒய். ஜி. பார்த்தசாரதி,https://ta.wikipedia.org/wiki/%E0%AE%92%E0%AE%AF%E0%AF%8D._%E0%AE%9C%E0%AE%BF._%E0%AE%AA%E0%AE%BE%E0%AE%B0%E0%AF%8D%E0%AE%A4%E0%AF%8D%E0%AE%A4%E0%AE%9A%E0%AE%BE%E0%AE%B0%E0%AE%A4%E0%AE%BF
ஒய். ஜி. மகேந்திரன்,https://ta.wikipedia.org/wiki/%E0%AE%92%E0%AE%AF%E0%AF%8D._%E0%AE%9C%E0%AE%BF._%E0%AE%AE%E0%AE%95%E0%AF%87%E0%AE%A8%E0%AF%8D%E0%AE%A4%E0%AE%BF%E0%AE%B0%E0%AE%A9%E0%AF%8D
ஓ. ஏ. கே. சுந்தர்,https://ta.wikipedia.org/wiki/%E0%AE%93._%E0%AE%8F._%E0%AE%95%E0%AF%87._%E0%AE%9A%E0%AF%81%E0%AE%A8%E0%AF%8D%E0%AE%A4%E0%AE%B0%E0%AF%8D
ஓ. ஏ. கே. தேவர்,https://ta.wikipedia.org/wiki/%E0%AE%93._%E0%AE%8F._%E0%AE%95%E0%AF%87._%E0%AE%A4%E0%AF%87%E0%AE%B5%E0%AE%B0%E0%AF%8D
ஓமக்குச்சி நரசிம்மன்,https://ta.wikipedia.org/wiki/%E0%AE%93%E0%AE%AE%E0%AE%95%E0%AF%8D%E0%AE%95%E0%AF%81%E0%AE%9A%E0%AF%8D%E0%AE%9A%E0%AE%BF_%E0%AE%A8%E0%AE%B0%E0%AE%9A%E0%AE%BF%E0%AE%AE%E0%AF%8D%E0%AE%AE%E0%AE%A9%E0%AF%8D
கசான் கான்,https://ta.wikipedia.org/wiki/%E0%AE%95%E0%AE%9A%E0%AE%BE%E0%AE%A9%E0%AF%8D_%E0%AE%95%E0%AE%BE%E0%AE%A9%E0%AF%8D
கஞ்சா கறுப்பு,https://ta.wikipedia.org/wiki/%E0%AE%95%E0%AE%9E%E0%AF%8D%E0%AE%9A%E0%AE%BE_%E0%AE%95%E0%AE%B1%E0%AF%81%E0%AE%AA%E0%AF%8D%E0%AE%AA%E0%AF%81
கணேஷ் வெங்கட்ராமன்,https://ta.wikipedia.org/wiki/%E0%AE%95%E0%AE%A3%E0%AF%87%E0%AE%B7%E0%AF%8D_%E0%AE%B5%E0%AF%86%E0%AE%99%E0%AF%8D%E0%AE%95%E0%AE%9F%E0%AF%8D%E0%AE%B0%E0%AE%BE%E0%AE%AE%E0%AE%A9%E0%AF%8D
கணேஷ்கர்,https://ta.wikipedia.org/wiki/%E0%AE%95%E0%AE%A3%E0%AF%87%E0%AE%B7%E0%AF%8D%E0%AE%95%E0%AE%B0%E0%AF%8D
கதிர் (நடிகர்),https://ta.wikipedia.org/wiki/%E0%AE%95%E0%AE%A4%E0%AE%BF%E0%AE%B0%E0%AF%8D_(%E0%AE%A8%E0%AE%9F%E0%AE%BF%E0%AE%95%E0%AE%B0%E0%AF%8D)
கமல்ஹாசன்,https://ta.wikipedia.org/wiki/%E0%AE%95%E0%AE%AE%E0%AE%B2%E0%AF%8D%E0%AE%B9%E0%AE%BE%E0%AE%9A%E0%AE%A9%E0%AF%8D
கரன் (நடிகர்),https://ta.wikipedia.org/wiki/%E0%AE%95%E0%AE%B0%E0%AE%A9%E0%AF%8D_(%E0%AE%A8%E0%AE%9F%E0%AE%BF%E0%AE%95%E0%AE%B0%E0%AF%8D)
கராத்தே ராஜா,https://ta.wikipedia.org/wiki/%E0%AE%95%E0%AE%B0%E0%AE%BE%E0%AE%A4%E0%AF%8D%E0%AE%A4%E0%AF%87_%E0%AE%B0%E0%AE%BE%E0%AE%9C%E0%AE%BE
கரிகாலன் (நடிகர்),https://ta.wikipedia.org/wiki/%E0%AE%95%E0%AE%B0%E0%AE%BF%E0%AE%95%E0%AE%BE%E0%AE%B2%E0%AE%A9%E0%AF%8D_(%E0%AE%A8%E0%AE%9F%E0%AE%BF%E0%AE%95%E0%AE%B0%E0%AF%8D)
கருணாகரன் (நடிகர்),https://ta.wikipedia.org/wiki/%E0%AE%95%E0%AE%B0%E0%AF%81%E0%AE%A3%E0%AE%BE%E0%AE%95%E0%AE%B0%E0%AE%A9%E0%AF%8D_(%E0%AE%A8%E0%AE%9F%E0%AE%BF%E0%AE%95%E0%AE%B0%E0%AF%8D)
கருணாஸ்,https://ta.wikipedia.org/wiki/%E0%AE%95%E0%AE%B0%E0%AF%81%E0%AE%A3%E0%AE%BE%E0%AE%B8%E0%AF%8D
கருப்பு சுப்பையா,https://ta.wikipedia.org/wiki/%E0%AE%95%E0%AE%B0%E0%AF%81%E0%AE%AA%E0%AF%8D%E0%AE%AA%E0%AF%81_%E0%AE%9A%E0%AF%81%E0%AE%AA%E0%AF%8D%E0%AE%AA%E0%AF%88%E0%AE%AF%E0%AE%BE
கல்யாண் (நடன அமைப்பாளர்),https://ta.wikipedia.org/wiki/%E0%AE%95%E0%AE%B2%E0%AF%8D%E0%AE%AF%E0%AE%BE%E0%AE%A3%E0%AF%8D_(%E0%AE%A8%E0%AE%9F%E0%AE%A9_%E0%AE%85%E0%AE%AE%E0%AF%88%E0%AE%AA%E0%AF%8D%E0%AE%AA%E0%AE%BE%E0%AE%B3%E0%AE%B0%E0%AF%8D)
கல்யாண் குமார்,https://ta.wikipedia.org/wiki/%E0%AE%95%E0%AE%B2%E0%AF%8D%E0%AE%AF%E0%AE%BE%E0%AE%A3%E0%AF%8D_%E0%AE%95%E0%AF%81%E0%AE%AE%E0%AE%BE%E0%AE%B0%E0%AF%8D
கல்லாப்பெட்டி சிங்காரம்,https://ta.wikipedia.org/wiki/%E0%AE%95%E0%AE%B2%E0%AF%8D%E0%AE%B2%E0%AE%BE%E0%AE%AA%E0%AF%8D%E0%AE%AA%E0%AF%86%E0%AE%9F%E0%AF%8D%E0%AE%9F%E0%AE%BF_%E0%AE%9A%E0%AE%BF%E0%AE%99%E0%AF%8D%E0%AE%95%E0%AE%BE%E0%AE%B0%E0%AE%AE%E0%AF%8D
கல்லூரி வினோத்,https://ta.wikipedia.org/wiki/%E0%AE%95%E0%AE%B2%E0%AF%8D%E0%AE%B2%E0%AF%82%E0%AE%B0%E0%AE%BF_%E0%AE%B5%E0%AE%BF%E0%AE%A9%E0%AF%8B%E0%AE%A4%E0%AF%8D
கலாபவன் மணி,https://ta.wikipedia.org/wiki/%E0%AE%95%E0%AE%B2%E0%AE%BE%E0%AE%AA%E0%AE%B5%E0%AE%A9%E0%AF%8D_%E0%AE%AE%E0%AE%A3%E0%AE%BF
கலைப்புலி ஜி. சேகரன்,https://ta.wikipedia.org/wiki/%E0%AE%95%E0%AE%B2%E0%AF%88%E0%AE%AA%E0%AF%8D%E0%AE%AA%E0%AF%81%E0%AE%B2%E0%AE%BF_%E0%AE%9C%E0%AE%BF._%E0%AE%9A%E0%AF%87%E0%AE%95%E0%AE%B0%E0%AE%A9%E0%AF%8D
கலைராணி (நடிகை),https://ta.wikipedia.org/wiki/%E0%AE%95%E0%AE%B2%E0%AF%88%E0%AE%B0%E0%AE%BE%E0%AE%A3%E0%AE%BF_(%E0%AE%A8%E0%AE%9F%E0%AE%BF%E0%AE%95%E0%AF%88)
கவிதாலயா கிருஷ்ணன்,https://ta.wikipedia.org/wiki/%E0%AE%95%E0%AE%B5%E0%AE%BF%E0%AE%A4%E0%AE%BE%E0%AE%B2%E0%AE%AF%E0%AE%BE_%E0%AE%95%E0%AE%BF%E0%AE%B0%E0%AF%81%E0%AE%B7%E0%AF%8D%E0%AE%A3%E0%AE%A9%E0%AF%8D
கவின் (நடிகர்),https://ta.wikipedia.org/wiki/%E0%AE%95%E0%AE%B5%E0%AE%BF%E0%AE%A9%E0%AF%8D_(%E0%AE%A8%E0%AE%9F%E0%AE%BF%E0%AE%95%E0%AE%B0%E0%AF%8D)
கவுண்டமணி,https://ta.wikipedia.org/wiki/%E0%AE%95%E0%AE%B5%E0%AF%81%E0%AE%A3%E0%AF%8D%E0%AE%9F%E0%AE%AE%E0%AE%A3%E0%AE%BF
கள்ளபார்ட் நடராஜன்,https://ta.wikipedia.org/wiki/%E0%AE%95%E0%AE%B3%E0%AF%8D%E0%AE%B3%E0%AE%AA%E0%AE%BE%E0%AE%B0%E0%AF%8D%E0%AE%9F%E0%AF%8D_%E0%AE%A8%E0%AE%9F%E0%AE%B0%E0%AE%BE%E0%AE%9C%E0%AE%A9%E0%AF%8D
கனல் கண்ணன்,https://ta.wikipedia.org/wiki/%E0%AE%95%E0%AE%A9%E0%AE%B2%E0%AF%8D_%E0%AE%95%E0%AE%A3%E0%AF%8D%E0%AE%A3%E0%AE%A9%E0%AF%8D
காகா இராதாகிருஷ்ணன்,https://ta.wikipedia.org/wiki/%E0%AE%95%E0%AE%BE%E0%AE%95%E0%AE%BE_%E0%AE%87%E0%AE%B0%E0%AE%BE%E0%AE%A4%E0%AE%BE%E0%AE%95%E0%AE%BF%E0%AE%B0%E0%AF%81%E0%AE%B7%E0%AF%8D%E0%AE%A3%E0%AE%A9%E0%AF%8D
காத்தாடி ராமமூர்த்தி,https://ta.wikipedia.org/wiki/%E0%AE%95%E0%AE%BE%E0%AE%A4%E0%AF%8D%E0%AE%A4%E0%AE%BE%E0%AE%9F%E0%AE%BF_%E0%AE%B0%E0%AE%BE%E0%AE%AE%E0%AE%AE%E0%AF%82%E0%AE%B0%E0%AF%8D%E0%AE%A4%E0%AF%8D%E0%AE%A4%E0%AE%BF
கார்த்திக் (தமிழ் நடிகர்),https://ta.wikipedia.org/wiki/%E0%AE%95%E0%AE%BE%E0%AE%B0%E0%AF%8D%E0%AE%A4%E0%AF%8D%E0%AE%A4%E0%AE%BF%E0%AE%95%E0%AF%8D_(%E0%AE%A4%E0%AE%AE%E0%AE%BF%E0%AE%B4%E0%AF%8D_%E0%AE%A8%E0%AE%9F%E0%AE%BF%E0%AE%95%E0%AE%B0%E0%AF%8D)
கார்த்திக் சிவகுமார்,https://ta.wikipedia.org/wiki/%E0%AE%95%E0%AE%BE%E0%AE%B0%E0%AF%8D%E0%AE%A4%E0%AF%8D%E0%AE%A4%E0%AE%BF%E0%AE%95%E0%AF%8D_%E0%AE%9A%E0%AE%BF%E0%AE%B5%E0%AE%95%E0%AF%81%E0%AE%AE%E0%AE%BE%E0%AE%B0%E0%AF%8D
கார்த்திக் ராஜ்,https://ta.wikipedia.org/wiki/%E0%AE%95%E0%AE%BE%E0%AE%B0%E0%AF%8D%E0%AE%A4%E0%AF%8D%E0%AE%A4%E0%AE%BF%E0%AE%95%E0%AF%8D_%E0%AE%B0%E0%AE%BE%E0%AE%9C%E0%AF%8D
காளி வெங்கட்,https://ta.wikipedia.org/wiki/%E0%AE%95%E0%AE%BE%E0%AE%B3%E0%AE%BF_%E0%AE%B5%E0%AF%86%E0%AE%99%E0%AF%8D%E0%AE%95%E0%AE%9F%E0%AF%8D
காளிதாஸ் ஜெயராம்,https://ta.wikipedia.org/wiki/%E0%AE%95%E0%AE%BE%E0%AE%B3%E0%AE%BF%E0%AE%A4%E0%AE%BE%E0%AE%B8%E0%AF%8D_%E0%AE%9C%E0%AF%86%E0%AE%AF%E0%AE%B0%E0%AE%BE%E0%AE%AE%E0%AF%8D
கிங் காங் (நடிகர்),https://ta.wikipedia.org/wiki/%E0%AE%95%E0%AE%BF%E0%AE%99%E0%AF%8D_%E0%AE%95%E0%AE%BE%E0%AE%99%E0%AF%8D_(%E0%AE%A8%E0%AE%9F%E0%AE%BF%E0%AE%95%E0%AE%B0%E0%AF%8D)
கிட்டி (நடிகர்),https://ta.wikipedia.org/wiki/%E0%AE%95%E0%AE%BF%E0%AE%9F%E0%AF%8D%E0%AE%9F%E0%AE%BF_(%E0%AE%A8%E0%AE%9F%E0%AE%BF%E0%AE%95%E0%AE%B0%E0%AF%8D)
கிருஷ்ணமூர்த்தி (நடிகர்),https://ta.wikipedia.org/wiki/%E0%AE%95%E0%AE%BF%E0%AE%B0%E0%AF%81%E0%AE%B7%E0%AF%8D%E0%AE%A3%E0%AE%AE%E0%AF%82%E0%AE%B0%E0%AF%8D%E0%AE%A4%E0%AF%8D%E0%AE%A4%E0%AE%BF_(%E0%AE%A8%E0%AE%9F%E0%AE%BF%E0%AE%95%E0%AE%B0%E0%AF%8D)
கிருஷ்ணா (தொலைக்காட்சி நடிகர்),https://ta.wikipedia.org/wiki/%E0%AE%95%E0%AE%BF%E0%AE%B0%E0%AF%81%E0%AE%B7%E0%AF%8D%E0%AE%A3%E0%AE%BE_(%E0%AE%A4%E0%AF%8A%E0%AE%B2%E0%AF%88%E0%AE%95%E0%AF%8D%E0%AE%95%E0%AE%BE%E0%AE%9F%E0%AF%8D%E0%AE%9A%E0%AE%BF_%E0%AE%A8%E0%AE%9F%E0%AE%BF%E0%AE%95%E0%AE%B0%E0%AF%8D)
கிருஷ்ணா குலசேகரன்,https://ta.wikipedia.org/wiki/%E0%AE%95%E0%AE%BF%E0%AE%B0%E0%AF%81%E0%AE%B7%E0%AF%8D%E0%AE%A3%E0%AE%BE_%E0%AE%95%E0%AF%81%E0%AE%B2%E0%AE%9A%E0%AF%87%E0%AE%95%E0%AE%B0%E0%AE%A9%E0%AF%8D
கிரேன் மனோகர்,https://ta.wikipedia.org/wiki/%E0%AE%95%E0%AE%BF%E0%AE%B0%E0%AF%87%E0%AE%A9%E0%AF%8D_%E0%AE%AE%E0%AE%A9%E0%AF%8B%E0%AE%95%E0%AE%B0%E0%AF%8D
கிஷ்மு,https://ta.wikipedia.org/wiki/%E0%AE%95%E0%AE%BF%E0%AE%B7%E0%AF%8D%E0%AE%AE%E0%AF%81
கிஷோர் (நடிகர்),https://ta.wikipedia.org/wiki/%E0%AE%95%E0%AE%BF%E0%AE%B7%E0%AF%8B%E0%AE%B0%E0%AF%8D_(%E0%AE%A8%E0%AE%9F%E0%AE%BF%E0%AE%95%E0%AE%B0%E0%AF%8D)
குணால்,https://ta.wikipedia.org/wiki/%E0%AE%95%E0%AF%81%E0%AE%A3%E0%AE%BE%E0%AE%B2%E0%AF%8D
கும்மடி (நடிகர்),https://ta.wikipedia.org/wiki/%E0%AE%95%E0%AF%81%E0%AE%AE%E0%AF%8D%E0%AE%AE%E0%AE%9F%E0%AE%BF_(%E0%AE%A8%E0%AE%9F%E0%AE%BF%E0%AE%95%E0%AE%B0%E0%AF%8D)
குமரன் தங்கராஜன்,https://ta.wikipedia.org/wiki/%E0%AE%95%E0%AF%81%E0%AE%AE%E0%AE%B0%E0%AE%A9%E0%AF%8D_%E0%AE%A4%E0%AE%99%E0%AF%8D%E0%AE%95%E0%AE%B0%E0%AE%BE%E0%AE%9C%E0%AE%A9%E0%AF%8D
குரு சோமசுந்தரம்,https://ta.wikipedia.org/wiki/%E0%AE%95%E0%AF%81%E0%AE%B0%E0%AF%81_%E0%AE%9A%E0%AF%8B%E0%AE%AE%E0%AE%9A%E0%AF%81%E0%AE%A8%E0%AF%8D%E0%AE%A4%E0%AE%B0%E0%AE%AE%E0%AF%8D
குலதெய்வம் ராஜகோபால்,https://ta.wikipedia.org/wiki/%E0%AE%95%E0%AF%81%E0%AE%B2%E0%AE%A4%E0%AF%86%E0%AE%AF%E0%AF%8D%E0%AE%B5%E0%AE%AE%E0%AF%8D_%E0%AE%B0%E0%AE%BE%E0%AE%9C%E0%AE%95%E0%AF%8B%E0%AE%AA%E0%AE%BE%E0%AE%B2%E0%AF%8D
கூல் சுரேஷ்,https://ta.wikipedia.org/wiki/%E0%AE%95%E0%AF%82%E0%AE%B2%E0%AF%8D_%E0%AE%9A%E0%AF%81%E0%AE%B0%E0%AF%87%E0%AE%B7%E0%AF%8D
கே. ஆர். ராம்சிங்,https://ta.wikipedia.org/wiki/%E0%AE%95%E0%AF%87._%E0%AE%86%E0%AE%B0%E0%AF%8D._%E0%AE%B0%E0%AE%BE%E0%AE%AE%E0%AF%8D%E0%AE%9A%E0%AE%BF%E0%AE%99%E0%AF%8D
கே. ஆர். ராமசாமி,https://ta.wikipedia.org/wiki/%E0%AE%95%E0%AF%87._%E0%AE%86%E0%AE%B0%E0%AF%8D._%E0%AE%B0%E0%AE%BE%E0%AE%AE%E0%AE%9A%E0%AE%BE%E0%AE%AE%E0%AE%BF
கே. ஆர். வேணுகோபால் சர்மா,https://ta.wikipedia.org/wiki/%E0%AE%95%E0%AF%87._%E0%AE%86%E0%AE%B0%E0%AF%8D._%E0%AE%B5%E0%AF%87%E0%AE%A3%E0%AF%81%E0%AE%95%E0%AF%8B%E0%AE%AA%E0%AE%BE%E0%AE%B2%E0%AF%8D_%E0%AE%9A%E0%AE%B0%E0%AF%8D%E0%AE%AE%E0%AE%BE
கே. ஏ. தங்கவேலு,https://ta.wikipedia.org/wiki/%E0%AE%95%E0%AF%87._%E0%AE%8F._%E0%AE%A4%E0%AE%99%E0%AF%8D%E0%AE%95%E0%AE%B5%E0%AF%87%E0%AE%B2%E0%AF%81
கே. கே. சௌந்தர்,https://ta.wikipedia.org/wiki/%E0%AE%95%E0%AF%87._%E0%AE%95%E0%AF%87._%E0%AE%9A%E0%AF%8C%E0%AE%A8%E0%AF%8D%E0%AE%A4%E0%AE%B0%E0%AF%8D
கே. சாரங்கபாணி,https://ta.wikipedia.org/wiki/%E0%AE%95%E0%AF%87._%E0%AE%9A%E0%AE%BE%E0%AE%B0%E0%AE%99%E0%AF%8D%E0%AE%95%E0%AE%AA%E0%AE%BE%E0%AE%A3%E0%AE%BF
கே. சிவசங்கர்,https://ta.wikipedia.org/wiki/%E0%AE%95%E0%AF%87._%E0%AE%9A%E0%AE%BF%E0%AE%B5%E0%AE%9A%E0%AE%99%E0%AF%8D%E0%AE%95%E0%AE%B0%E0%AF%8D
கே. சுப்பிரமணியம்,https://ta.wikipedia.org/wiki/%E0%AE%95%E0%AF%87._%E0%AE%9A%E0%AF%81%E0%AE%AA%E0%AF%8D%E0%AE%AA%E0%AE%BF%E0%AE%B0%E0%AE%AE%E0%AE%A3%E0%AE%BF%E0%AE%AF%E0%AE%AE%E0%AF%8D
கே. டி. சந்தானம்,https://ta.wikipedia.org/wiki/%E0%AE%95%E0%AF%87._%E0%AE%9F%E0%AE%BF._%E0%AE%9A%E0%AE%A8%E0%AF%8D%E0%AE%A4%E0%AE%BE%E0%AE%A9%E0%AE%AE%E0%AF%8D
கே. பாலாஜி,https://ta.wikipedia.org/wiki/%E0%AE%95%E0%AF%87._%E0%AE%AA%E0%AE%BE%E0%AE%B2%E0%AE%BE%E0%AE%9C%E0%AE%BF
கே. பி. கேசவன்,https://ta.wikipedia.org/wiki/%E0%AE%95%E0%AF%87._%E0%AE%AA%E0%AE%BF._%E0%AE%95%E0%AF%87%E0%AE%9A%E0%AE%B5%E0%AE%A9%E0%AF%8D
கே. பி. சேகர்,https://ta.wikipedia.org/wiki/%E0%AE%95%E0%AF%87._%E0%AE%AA%E0%AE%BF._%E0%AE%9A%E0%AF%87%E0%AE%95%E0%AE%B0%E0%AF%8D
கேப்டன் ராஜூ,https://ta.wikipedia.org/wiki/%E0%AE%95%E0%AF%87%E0%AE%AA%E0%AF%8D%E0%AE%9F%E0%AE%A9%E0%AF%8D_%E0%AE%B0%E0%AE%BE%E0%AE%9C%E0%AF%82
கொச்சி ஹனீஃபா,https://ta.wikipedia.org/wiki/%E0%AE%95%E0%AF%8A%E0%AE%9A%E0%AF%8D%E0%AE%9A%E0%AE%BF_%E0%AE%B9%E0%AE%A9%E0%AF%80%E0%AE%83%E0%AE%AA%E0%AE%BE
கொத்தமங்கலம் சீனு,https://ta.wikipedia.org/wiki/%E0%AE%95%E0%AF%8A%E0%AE%A4%E0%AF%8D%E0%AE%A4%E0%AE%AE%E0%AE%99%E0%AF%8D%E0%AE%95%E0%AE%B2%E0%AE%AE%E0%AF%8D_%E0%AE%9A%E0%AF%80%E0%AE%A9%E0%AF%81
கொத்தமங்கலம் சுப்பு,https://ta.wikipedia.org/wiki/%E0%AE%95%E0%AF%8A%E0%AE%A4%E0%AF%8D%E0%AE%A4%E0%AE%AE%E0%AE%99%E0%AF%8D%E0%AE%95%E0%AE%B2%E0%AE%AE%E0%AF%8D_%E0%AE%9A%E0%AF%81%E0%AE%AA%E0%AF%8D%E0%AE%AA%E0%AF%81
கொன்னப்ப பாகவதர்,https://ta.wikipedia.org/wiki/%E0%AE%95%E0%AF%8A%E0%AE%A9%E0%AF%8D%E0%AE%A9%E0%AE%AA%E0%AF%8D%E0%AE%AA_%E0%AE%AA%E0%AE%BE%E0%AE%95%E0%AE%B5%E0%AE%A4%E0%AE%B0%E0%AF%8D
கோலபுடி மாருதி ராவ்,https://ta.wikipedia.org/wiki/%E0%AE%95%E0%AF%8B%E0%AE%B2%E0%AE%AA%E0%AF%81%E0%AE%9F%E0%AE%BF_%E0%AE%AE%E0%AE%BE%E0%AE%B0%E0%AF%81%E0%AE%A4%E0%AE%BF_%E0%AE%B0%E0%AE%BE%E0%AE%B5%E0%AF%8D
கோவை செந்தில்,https://ta.wikipedia.org/wiki/%E0%AE%95%E0%AF%8B%E0%AE%B5%E0%AF%88_%E0%AE%9A%E0%AF%86%E0%AE%A8%E0%AF%8D%E0%AE%A4%E0%AE%BF%E0%AE%B2%E0%AF%8D
கௌதம் கார்த்திக் (நடிகர்),https://ta.wikipedia.org/wiki/%E0%AE%95%E0%AF%8C%E0%AE%A4%E0%AE%AE%E0%AF%8D_%E0%AE%95%E0%AE%BE%E0%AE%B0%E0%AF%8D%E0%AE%A4%E0%AF%8D%E0%AE%A4%E0%AE%BF%E0%AE%95%E0%AF%8D_(%E0%AE%A8%E0%AE%9F%E0%AE%BF%E0%AE%95%E0%AE%B0%E0%AF%8D)
கௌதம் சுந்தர்ராஜன்,https://ta.wikipedia.org/wiki/%E0%AE%95%E0%AF%8C%E0%AE%A4%E0%AE%AE%E0%AF%8D_%E0%AE%9A%E0%AF%81%E0%AE%A8%E0%AF%8D%E0%AE%A4%E0%AE%B0%E0%AF%8D%E0%AE%B0%E0%AE%BE%E0%AE%9C%E0%AE%A9%E0%AF%8D
சக்தி வாசு,https://ta.wikipedia.org/wiki/%E0%AE%9A%E0%AE%95%E0%AF%8D%E0%AE%A4%E0%AE%BF_%E0%AE%B5%E0%AE%BE%E0%AE%9A%E0%AF%81
சங்கர் கிருட்டிணமூர்த்தி,https://ta.wikipedia.org/wiki/%E0%AE%9A%E0%AE%99%E0%AF%8D%E0%AE%95%E0%AE%B0%E0%AF%8D_%E0%AE%95%E0%AE%BF%E0%AE%B0%E0%AF%81%E0%AE%9F%E0%AF%8D%E0%AE%9F%E0%AE%BF%E0%AE%A3%E0%AE%AE%E0%AF%82%E0%AE%B0%E0%AF%8D%E0%AE%A4%E0%AF%8D%E0%AE%A4%E0%AE%BF
சங்கிலி முருகன்,https://ta.wikipedia.org/wiki/%E0%AE%9A%E0%AE%99%E0%AF%8D%E0%AE%95%E0%AE%BF%E0%AE%B2%E0%AE%BF_%E0%AE%AE%E0%AF%81%E0%AE%B0%E0%AF%81%E0%AE%95%E0%AE%A9%E0%AF%8D
சங்கு சுப்பிரமணியம்,https://ta.wikipedia.org/wiki/%E0%AE%9A%E0%AE%99%E0%AF%8D%E0%AE%95%E0%AF%81_%E0%AE%9A%E0%AF%81%E0%AE%AA%E0%AF%8D%E0%AE%AA%E0%AE%BF%E0%AE%B0%E0%AE%AE%E0%AE%A3%E0%AE%BF%E0%AE%AF%E0%AE%AE%E0%AF%8D
சச்சு,https://ta.wikipedia.org/wiki/%E0%AE%9A%E0%AE%9A%E0%AF%8D%E0%AE%9A%E0%AF%81
சசிகுமார் (இயக்குநர்),https://ta.wikipedia.org/wiki/%E0%AE%9A%E0%AE%9A%E0%AE%BF%E0%AE%95%E0%AF%81%E0%AE%AE%E0%AE%BE%E0%AE%B0%E0%AF%8D_(%E0%AE%87%E0%AE%AF%E0%AE%95%E0%AF%8D%E0%AE%95%E0%AF%81%E0%AE%A8%E0%AE%B0%E0%AF%8D)
சசிகுமார் (நடிகர்),https://ta.wikipedia.org/wiki/%E0%AE%9A%E0%AE%9A%E0%AE%BF%E0%AE%95%E0%AF%81%E0%AE%AE%E0%AE%BE%E0%AE%B0%E0%AF%8D_(%E0%AE%A8%E0%AE%9F%E0%AE%BF%E0%AE%95%E0%AE%B0%E0%AF%8D)
சஞ்சீவ்,https://ta.wikipedia.org/wiki/%E0%AE%9A%E0%AE%9E%E0%AF%8D%E0%AE%9A%E0%AF%80%E0%AE%B5%E0%AF%8D
சஞ்சீவ் (தமிழ் நடிகர்),https://ta.wikipedia.org/wiki/%E0%AE%9A%E0%AE%9E%E0%AF%8D%E0%AE%9A%E0%AF%80%E0%AE%B5%E0%AF%8D_(%E0%AE%A4%E0%AE%AE%E0%AE%BF%E0%AE%B4%E0%AF%8D_%E0%AE%A8%E0%AE%9F%E0%AE%BF%E0%AE%95%E0%AE%B0%E0%AF%8D)
சடகோபன் ரமேஷ்,https://ta.wikipedia.org/wiki/%E0%AE%9A%E0%AE%9F%E0%AE%95%E0%AF%8B%E0%AE%AA%E0%AE%A9%E0%AF%8D_%E0%AE%B0%E0%AE%AE%E0%AF%87%E0%AE%B7%E0%AF%8D
சண்ட் சில்வா,https://ta.wikipedia.org/wiki/%E0%AE%9A%E0%AE%A3%E0%AF%8D%E0%AE%9F%E0%AF%8D_%E0%AE%9A%E0%AE%BF%E0%AE%B2%E0%AF%8D%E0%AE%B5%E0%AE%BE
சத்யராஜ்,https://ta.wikipedia.org/wiki/%E0%AE%9A%E0%AE%A4%E0%AF%8D%E0%AE%AF%E0%AE%B0%E0%AE%BE%E0%AE%9C%E0%AF%8D
சத்யன் (தமிழ் நடிகர்),https://ta.wikipedia.org/wiki/%E0%AE%9A%E0%AE%A4%E0%AF%8D%E0%AE%AF%E0%AE%A9%E0%AF%8D_(%E0%AE%A4%E0%AE%AE%E0%AE%BF%E0%AE%B4%E0%AF%8D_%E0%AE%A8%E0%AE%9F%E0%AE%BF%E0%AE%95%E0%AE%B0%E0%AF%8D)
சத்யன் (மலையாள நடிகர்),https://ta.wikipedia.org/wiki/%E0%AE%9A%E0%AE%A4%E0%AF%8D%E0%AE%AF%E0%AE%A9%E0%AF%8D_(%E0%AE%AE%E0%AE%B2%E0%AF%88%E0%AE%AF%E0%AE%BE%E0%AE%B3_%E0%AE%A8%E0%AE%9F%E0%AE%BF%E0%AE%95%E0%AE%B0%E0%AF%8D)
சதீஸ்,https://ta.wikipedia.org/wiki/%E0%AE%9A%E0%AE%A4%E0%AF%80%E0%AE%B8%E0%AF%8D
சந்தான பாரதி,https://ta.wikipedia.org/wiki/%E0%AE%9A%E0%AE%A8%E0%AF%8D%E0%AE%A4%E0%AE%BE%E0%AE%A9_%E0%AE%AA%E0%AE%BE%E0%AE%B0%E0%AE%A4%E0%AE%BF
சந்தானம் (நடிகர்),https://ta.wikipedia.org/wiki/%E0%AE%9A%E0%AE%A8%E0%AF%8D%E0%AE%A4%E0%AE%BE%E0%AE%A9%E0%AE%AE%E0%AF%8D_(%E0%AE%A8%E0%AE%9F%E0%AE%BF%E0%AE%95%E0%AE%B0%E0%AF%8D)
சந்திர மோகன் (தெலுங்கு நடிகர்),https://ta.wikipedia.org/wiki/%E0%AE%9A%E0%AE%A8%E0%AF%8D%E0%AE%A4%E0%AE%BF%E0%AE%B0_%E0%AE%AE%E0%AF%8B%E0%AE%95%E0%AE%A9%E0%AF%8D_(%E0%AE%A4%E0%AF%86%E0%AE%B2%E0%AF%81%E0%AE%99%E0%AF%8D%E0%AE%95%E0%AF%81_%E0%AE%A8%E0%AE%9F%E0%AE%BF%E0%AE%95%E0%AE%B0%E0%AF%8D)
சந்திரசேகர் (நடிகர்),https://ta.wikipedia.org/wiki/%E0%AE%9A%E0%AE%A8%E0%AF%8D%E0%AE%A4%E0%AE%BF%E0%AE%B0%E0%AE%9A%E0%AF%87%E0%AE%95%E0%AE%B0%E0%AF%8D_(%E0%AE%A8%E0%AE%9F%E0%AE%BF%E0%AE%95%E0%AE%B0%E0%AF%8D)
சந்திரபோஸ் (இசையமைப்பாளர்),https://ta.wikipedia.org/wiki/%E0%AE%9A%E0%AE%A8%E0%AF%8D%E0%AE%A4%E0%AE%BF%E0%AE%B0%E0%AE%AA%E0%AF%8B%E0%AE%B8%E0%AF%8D_(%E0%AE%87%E0%AE%9A%E0%AF%88%E0%AE%AF%E0%AE%AE%E0%AF%88%E0%AE%AA%E0%AF%8D%E0%AE%AA%E0%AE%BE%E0%AE%B3%E0%AE%B0%E0%AF%8D)
சபரீஸ்,https://ta.wikipedia.org/wiki/%E0%AE%9A%E0%AE%AA%E0%AE%B0%E0%AF%80%E0%AE%B8%E0%AF%8D
சபீர் கல்லரக்கல்,https://ta.wikipedia.org/wiki/%E0%AE%9A%E0%AE%AA%E0%AF%80%E0%AE%B0%E0%AF%8D_%E0%AE%95%E0%AE%B2%E0%AF%8D%E0%AE%B2%E0%AE%B0%E0%AE%95%E0%AF%8D%E0%AE%95%E0%AE%B2%E0%AF%8D
சம்பத் ராம்,https://ta.wikipedia.org/wiki/%E0%AE%9A%E0%AE%AE%E0%AF%8D%E0%AE%AA%E0%AE%A4%E0%AF%8D_%E0%AE%B0%E0%AE%BE%E0%AE%AE%E0%AF%8D
சமீரா ரெட்டி,https://ta.wikipedia.org/wiki/%E0%AE%9A%E0%AE%AE%E0%AF%80%E0%AE%B0%E0%AE%BE_%E0%AE%B0%E0%AF%86%E0%AE%9F%E0%AF%8D%E0%AE%9F%E0%AE%BF
சமுத்திரக்கனி,https://ta.wikipedia.org/wiki/%E0%AE%9A%E0%AE%AE%E0%AF%81%E0%AE%A4%E0%AF%8D%E0%AE%A4%E0%AE%BF%E0%AE%B0%E0%AE%95%E0%AF%8D%E0%AE%95%E0%AE%A9%E0%AE%BF
சரண்ராஜ்,https://ta.wikipedia.org/wiki/%E0%AE%9A%E0%AE%B0%E0%AE%A3%E0%AF%8D%E0%AE%B0%E0%AE%BE%E0%AE%9C%E0%AF%8D
சரத்குமார்,https://ta.wikipedia.org/wiki/%E0%AE%9A%E0%AE%B0%E0%AE%A4%E0%AF%8D%E0%AE%95%E0%AF%81%E0%AE%AE%E0%AE%BE%E0%AE%B0%E0%AF%8D
சரவண சக்தி,https://ta.wikipedia.org/wiki/%E0%AE%9A%E0%AE%B0%E0%AE%B5%E0%AE%A3_%E0%AE%9A%E0%AE%95%E0%AF%8D%E0%AE%A4%E0%AE%BF
சரவணன் (நடிகர்),https://ta.wikipedia.org/wiki/%E0%AE%9A%E0%AE%B0%E0%AE%B5%E0%AE%A3%E0%AE%A9%E0%AF%8D_(%E0%AE%A8%E0%AE%9F%E0%AE%BF%E0%AE%95%E0%AE%B0%E0%AF%8D)
சலிம் கெளஸ்,https://ta.wikipedia.org/wiki/%E0%AE%9A%E0%AE%B2%E0%AE%BF%E0%AE%AE%E0%AF%8D_%E0%AE%95%E0%AF%86%E0%AE%B3%E0%AE%B8%E0%AF%8D
சனகராஜ்,https://ta.wikipedia.org/wiki/%E0%AE%9A%E0%AE%A9%E0%AE%95%E0%AE%B0%E0%AE%BE%E0%AE%9C%E0%AF%8D
சாக்சி சிவா,https://ta.wikipedia.org/wiki/%E0%AE%9A%E0%AE%BE%E0%AE%95%E0%AF%8D%E0%AE%9A%E0%AE%BF_%E0%AE%9A%E0%AE%BF%E0%AE%B5%E0%AE%BE
சாண்டோ சின்னப்பா தேவர்,https://ta.wikipedia.org/wiki/%E0%AE%9A%E0%AE%BE%E0%AE%A3%E0%AF%8D%E0%AE%9F%E0%AF%8B_%E0%AE%9A%E0%AE%BF%E0%AE%A9%E0%AF%8D%E0%AE%A9%E0%AE%AA%E0%AF%8D%E0%AE%AA%E0%AE%BE_%E0%AE%A4%E0%AF%87%E0%AE%B5%E0%AE%B0%E0%AF%8D
சாந்தனு பாக்யராஜ்,https://ta.wikipedia.org/wiki/%E0%AE%9A%E0%AE%BE%E0%AE%A8%E0%AF%8D%E0%AE%A4%E0%AE%A9%E0%AF%81_%E0%AE%AA%E0%AE%BE%E0%AE%95%E0%AF%8D%E0%AE%AF%E0%AE%B0%E0%AE%BE%E0%AE%9C%E0%AF%8D
சாம் (தமிழ் நடிகர்),https://ta.wikipedia.org/wiki/%E0%AE%9A%E0%AE%BE%E0%AE%AE%E0%AF%8D_(%E0%AE%A4%E0%AE%AE%E0%AE%BF%E0%AE%B4%E0%AF%8D_%E0%AE%A8%E0%AE%9F%E0%AE%BF%E0%AE%95%E0%AE%B0%E0%AF%8D)
சாம் ஆண்டர்சன்,https://ta.wikipedia.org/wiki/%E0%AE%9A%E0%AE%BE%E0%AE%AE%E0%AF%8D_%E0%AE%86%E0%AE%A3%E0%AF%8D%E0%AE%9F%E0%AE%B0%E0%AF%8D%E0%AE%9A%E0%AE%A9%E0%AF%8D
சாம்ஸ்,https://ta.wikipedia.org/wiki/%E0%AE%9A%E0%AE%BE%E0%AE%AE%E0%AF%8D%E0%AE%B8%E0%AF%8D
சாமிக்கண்ணு,https://ta.wikipedia.org/wiki/%E0%AE%9A%E0%AE%BE%E0%AE%AE%E0%AE%BF%E0%AE%95%E0%AF%8D%E0%AE%95%E0%AE%A3%E0%AF%8D%E0%AE%A3%E0%AF%81
சாய் தீனா,https://ta.wikipedia.org/wiki/%E0%AE%9A%E0%AE%BE%E0%AE%AF%E0%AF%8D_%E0%AE%A4%E0%AF%80%E0%AE%A9%E0%AE%BE
சாய் பிரசாந்த்,https://ta.wikipedia.org/wiki/%E0%AE%9A%E0%AE%BE%E0%AE%AF%E0%AF%8D_%E0%AE%AA%E0%AE%BF%E0%AE%B0%E0%AE%9A%E0%AE%BE%E0%AE%A8%E0%AF%8D%E0%AE%A4%E0%AF%8D
சாயாஜி சிண்டே,https://ta.wikipedia.org/wiki/%E0%AE%9A%E0%AE%BE%E0%AE%AF%E0%AE%BE%E0%AE%9C%E0%AE%BF_%E0%AE%9A%E0%AE%BF%E0%AE%A3%E0%AF%8D%E0%AE%9F%E0%AF%87
சார்லஸ் வினோத்,https://ta.wikipedia.org/wiki/%E0%AE%9A%E0%AE%BE%E0%AE%B0%E0%AF%8D%E0%AE%B2%E0%AE%B8%E0%AF%8D_%E0%AE%B5%E0%AE%BF%E0%AE%A9%E0%AF%8B%E0%AE%A4%E0%AF%8D
சார்லி,https://ta.wikipedia.org/wiki/%E0%AE%9A%E0%AE%BE%E0%AE%B0%E0%AF%8D%E0%AE%B2%E0%AE%BF
சாருஹாசன்,https://ta.wikipedia.org/wiki/%E0%AE%9A%E0%AE%BE%E0%AE%B0%E0%AF%81%E0%AE%B9%E0%AE%BE%E0%AE%9A%E0%AE%A9%E0%AF%8D
சி. ஆர். பார்த்திபன்,https://ta.wikipedia.org/wiki/%E0%AE%9A%E0%AE%BF._%E0%AE%86%E0%AE%B0%E0%AF%8D._%E0%AE%AA%E0%AE%BE%E0%AE%B0%E0%AF%8D%E0%AE%A4%E0%AF%8D%E0%AE%A4%E0%AE%BF%E0%AE%AA%E0%AE%A9%E0%AF%8D
சி. எல். ஆனந்தன்,https://ta.wikipedia.org/wiki/%E0%AE%9A%E0%AE%BF._%E0%AE%8E%E0%AE%B2%E0%AF%8D._%E0%AE%86%E0%AE%A9%E0%AE%A8%E0%AF%8D%E0%AE%A4%E0%AE%A9%E0%AF%8D
சி. எஸ். ஜெயராமன்,https://ta.wikipedia.org/wiki/%E0%AE%9A%E0%AE%BF._%E0%AE%8E%E0%AE%B8%E0%AF%8D._%E0%AE%9C%E0%AF%86%E0%AE%AF%E0%AE%B0%E0%AE%BE%E0%AE%AE%E0%AE%A9%E0%AF%8D
சி. குருதத்,https://ta.wikipedia.org/wiki/%E0%AE%9A%E0%AE%BF._%E0%AE%95%E0%AF%81%E0%AE%B0%E0%AF%81%E0%AE%A4%E0%AE%A4%E0%AF%8D
சி. வி. வி. பந்துலு,https://ta.wikipedia.org/wiki/%E0%AE%9A%E0%AE%BF._%E0%AE%B5%E0%AE%BF._%E0%AE%B5%E0%AE%BF._%E0%AE%AA%E0%AE%A8%E0%AF%8D%E0%AE%A4%E0%AF%81%E0%AE%B2%E0%AF%81
சிகான் உசேனி,https://ta.wikipedia.org/wiki/%E0%AE%9A%E0%AE%BF%E0%AE%95%E0%AE%BE%E0%AE%A9%E0%AF%8D_%E0%AE%89%E0%AE%9A%E0%AF%87%E0%AE%A9%E0%AE%BF
சிங்கம்புலி,https://ta.wikipedia.org/wiki/%E0%AE%9A%E0%AE%BF%E0%AE%99%E0%AF%8D%E0%AE%95%E0%AE%AE%E0%AF%8D%E0%AE%AA%E0%AF%81%E0%AE%B2%E0%AE%BF
சிசர் மனோகர்,https://ta.wikipedia.org/wiki/%E0%AE%9A%E0%AE%BF%E0%AE%9A%E0%AE%B0%E0%AF%8D_%E0%AE%AE%E0%AE%A9%E0%AF%8B%E0%AE%95%E0%AE%B0%E0%AF%8D
சிட்டிசன் மணி,https://ta.wikipedia.org/wiki/%E0%AE%9A%E0%AE%BF%E0%AE%9F%E0%AF%8D%E0%AE%9F%E0%AE%BF%E0%AE%9A%E0%AE%A9%E0%AF%8D_%E0%AE%AE%E0%AE%A3%E0%AE%BF
சித்தார்த்,https://ta.wikipedia.org/wiki/%E0%AE%9A%E0%AE%BF%E0%AE%A4%E0%AF%8D%E0%AE%A4%E0%AE%BE%E0%AE%B0%E0%AF%8D%E0%AE%A4%E0%AF%8D
சித்தார்த் வேணுகோபால்,https://ta.wikipedia.org/wiki/%E0%AE%9A%E0%AE%BF%E0%AE%A4%E0%AF%8D%E0%AE%A4%E0%AE%BE%E0%AE%B0%E0%AF%8D%E0%AE%A4%E0%AF%8D_%E0%AE%B5%E0%AF%87%E0%AE%A3%E0%AF%81%E0%AE%95%E0%AF%8B%E0%AE%AA%E0%AE%BE%E0%AE%B2%E0%AF%8D
சித்தூர் வி. நாகையா,https://ta.wikipedia.org/wiki/%E0%AE%9A%E0%AE%BF%E0%AE%A4%E0%AF%8D%E0%AE%A4%E0%AF%82%E0%AE%B0%E0%AF%8D_%E0%AE%B5%E0%AE%BF._%E0%AE%A8%E0%AE%BE%E0%AE%95%E0%AF%88%E0%AE%AF%E0%AE%BE
சிபிராஜ்,https://ta.wikipedia.org/wiki/%E0%AE%9A%E0%AE%BF%E0%AE%AA%E0%AE%BF%E0%AE%B0%E0%AE%BE%E0%AE%9C%E0%AF%8D
சியாம் (நடிகர்),https://ta.wikipedia.org/wiki/%E0%AE%9A%E0%AE%BF%E0%AE%AF%E0%AE%BE%E0%AE%AE%E0%AF%8D_(%E0%AE%A8%E0%AE%9F%E0%AE%BF%E0%AE%95%E0%AE%B0%E0%AF%8D)
சிலம்பரசன்,https://ta.wikipedia.org/wiki/%E0%AE%9A%E0%AE%BF%E0%AE%B2%E0%AE%AE%E0%AF%8D%E0%AE%AA%E0%AE%B0%E0%AE%9A%E0%AE%A9%E0%AF%8D
சிலோன் சின்னையா,https://ta.wikipedia.org/wiki/%E0%AE%9A%E0%AE%BF%E0%AE%B2%E0%AF%8B%E0%AE%A9%E0%AF%8D_%E0%AE%9A%E0%AE%BF%E0%AE%A9%E0%AF%8D%E0%AE%A9%E0%AF%88%E0%AE%AF%E0%AE%BE
சிலோன் விஜயேந்திரன்,https://ta.wikipedia.org/wiki/%E0%AE%9A%E0%AE%BF%E0%AE%B2%E0%AF%8B%E0%AE%A9%E0%AF%8D_%E0%AE%B5%E0%AE%BF%E0%AE%9C%E0%AE%AF%E0%AF%87%E0%AE%A8%E0%AF%8D%E0%AE%A4%E0%AE%BF%E0%AE%B0%E0%AE%A9%E0%AF%8D
சிவகார்த்திகேயன்,https://ta.wikipedia.org/wiki/%E0%AE%9A%E0%AE%BF%E0%AE%B5%E0%AE%95%E0%AE%BE%E0%AE%B0%E0%AF%8D%E0%AE%A4%E0%AF%8D%E0%AE%A4%E0%AE%BF%E0%AE%95%E0%AF%87%E0%AE%AF%E0%AE%A9%E0%AF%8D
சிவகுமார்,https://ta.wikipedia.org/wiki/%E0%AE%9A%E0%AE%BF%E0%AE%B5%E0%AE%95%E0%AF%81%E0%AE%AE%E0%AE%BE%E0%AE%B0%E0%AF%8D
சிவசந்திரன்,https://ta.wikipedia.org/wiki/%E0%AE%9A%E0%AE%BF%E0%AE%B5%E0%AE%9A%E0%AE%A8%E0%AF%8D%E0%AE%A4%E0%AE%BF%E0%AE%B0%E0%AE%A9%E0%AF%8D
சிவா (நடிகர்),https://ta.wikipedia.org/wiki/%E0%AE%9A%E0%AE%BF%E0%AE%B5%E0%AE%BE_(%E0%AE%A8%E0%AE%9F%E0%AE%BF%E0%AE%95%E0%AE%B0%E0%AF%8D)
சிவாஜி கணேசன்,https://ta.wikipedia.org/wiki/%E0%AE%9A%E0%AE%BF%E0%AE%B5%E0%AE%BE%E0%AE%9C%E0%AE%BF_%E0%AE%95%E0%AE%A3%E0%AF%87%E0%AE%9A%E0%AE%A9%E0%AF%8D
சிறீதர் (நடன அமைப்பாளர்),https://ta.wikipedia.org/wiki/%E0%AE%9A%E0%AE%BF%E0%AE%B1%E0%AF%80%E0%AE%A4%E0%AE%B0%E0%AF%8D_(%E0%AE%A8%E0%AE%9F%E0%AE%A9_%E0%AE%85%E0%AE%AE%E0%AF%88%E0%AE%AA%E0%AF%8D%E0%AE%AA%E0%AE%BE%E0%AE%B3%E0%AE%B0%E0%AF%8D)
சிறீதர் (நடிகர்),https://ta.wikipedia.org/wiki/%E0%AE%9A%E0%AE%BF%E0%AE%B1%E0%AF%80%E0%AE%A4%E0%AE%B0%E0%AF%8D_(%E0%AE%A8%E0%AE%9F%E0%AE%BF%E0%AE%95%E0%AE%B0%E0%AF%8D)
சிறீமன்,https://ta.wikipedia.org/wiki/%E0%AE%9A%E0%AE%BF%E0%AE%B1%E0%AF%80%E0%AE%AE%E0%AE%A9%E0%AF%8D
சின்னி ஜெயந்த்,https://ta.wikipedia.org/wiki/%E0%AE%9A%E0%AE%BF%E0%AE%A9%E0%AF%8D%E0%AE%A9%E0%AE%BF_%E0%AE%9C%E0%AF%86%E0%AE%AF%E0%AE%A8%E0%AF%8D%E0%AE%A4%E0%AF%8D
சிஜோய் வர்கீஸ்,https://ta.wikipedia.org/wiki/%E0%AE%9A%E0%AE%BF%E0%AE%9C%E0%AF%8B%E0%AE%AF%E0%AF%8D_%E0%AE%B5%E0%AE%B0%E0%AF%8D%E0%AE%95%E0%AF%80%E0%AE%B8%E0%AF%8D
சீனிவாசன் (நடிகர்),https://ta.wikipedia.org/wiki/%E0%AE%9A%E0%AF%80%E0%AE%A9%E0%AE%BF%E0%AE%B5%E0%AE%BE%E0%AE%9A%E0%AE%A9%E0%AF%8D_(%E0%AE%A8%E0%AE%9F%E0%AE%BF%E0%AE%95%E0%AE%B0%E0%AF%8D)
சு. ராஜம்,https://ta.wikipedia.org/wiki/%E0%AE%9A%E0%AF%81._%E0%AE%B0%E0%AE%BE%E0%AE%9C%E0%AE%AE%E0%AF%8D
சுதாங்கன்,https://ta.wikipedia.org/wiki/%E0%AE%9A%E0%AF%81%E0%AE%A4%E0%AE%BE%E0%AE%99%E0%AF%8D%E0%AE%95%E0%AE%A9%E0%AF%8D
சுந்தர் சி.,https://ta.wikipedia.org/wiki/%E0%AE%9A%E0%AF%81%E0%AE%A8%E0%AF%8D%E0%AE%A4%E0%AE%B0%E0%AF%8D_%E0%AE%9A%E0%AE%BF.
சுந்தரம் பாலச்சந்தர்,https://ta.wikipedia.org/wiki/%E0%AE%9A%E0%AF%81%E0%AE%A8%E0%AF%8D%E0%AE%A4%E0%AE%B0%E0%AE%AE%E0%AF%8D_%E0%AE%AA%E0%AE%BE%E0%AE%B2%E0%AE%9A%E0%AF%8D%E0%AE%9A%E0%AE%A8%E0%AF%8D%E0%AE%A4%E0%AE%B0%E0%AF%8D
சுப்பு பஞ்சு அருணாச்சலம்,https://ta.wikipedia.org/wiki/%E0%AE%9A%E0%AF%81%E0%AE%AA%E0%AF%8D%E0%AE%AA%E0%AF%81_%E0%AE%AA%E0%AE%9E%E0%AF%8D%E0%AE%9A%E0%AF%81_%E0%AE%85%E0%AE%B0%E0%AF%81%E0%AE%A3%E0%AE%BE%E0%AE%9A%E0%AF%8D%E0%AE%9A%E0%AE%B2%E0%AE%AE%E0%AF%8D
சுபலேகா சுதாகர்,https://ta.wikipedia.org/wiki/%E0%AE%9A%E0%AF%81%E0%AE%AA%E0%AE%B2%E0%AF%87%E0%AE%95%E0%AE%BE_%E0%AE%9A%E0%AF%81%E0%AE%A4%E0%AE%BE%E0%AE%95%E0%AE%B0%E0%AF%8D
சுமலதா,https://ta.wikipedia.org/wiki/%E0%AE%9A%E0%AF%81%E0%AE%AE%E0%AE%B2%E0%AE%A4%E0%AE%BE
சுமன் (நடிகர்),https://ta.wikipedia.org/wiki/%E0%AE%9A%E0%AF%81%E0%AE%AE%E0%AE%A9%E0%AF%8D_(%E0%AE%A8%E0%AE%9F%E0%AE%BF%E0%AE%95%E0%AE%B0%E0%AF%8D)
சுமன் செட்டி,https://ta.wikipedia.org/wiki/%E0%AE%9A%E0%AF%81%E0%AE%AE%E0%AE%A9%E0%AF%8D_%E0%AE%9A%E0%AF%86%E0%AE%9F%E0%AF%8D%E0%AE%9F%E0%AE%BF
சுருதி (நடிகை),https://ta.wikipedia.org/wiki/%E0%AE%9A%E0%AF%81%E0%AE%B0%E0%AF%81%E0%AE%A4%E0%AE%BF_(%E0%AE%A8%E0%AE%9F%E0%AE%BF%E0%AE%95%E0%AF%88)
சுருளி ராஜன்,https://ta.wikipedia.org/wiki/%E0%AE%9A%E0%AF%81%E0%AE%B0%E0%AF%81%E0%AE%B3%E0%AE%BF_%E0%AE%B0%E0%AE%BE%E0%AE%9C%E0%AE%A9%E0%AF%8D
சுரேஷ் (நடிகர்),https://ta.wikipedia.org/wiki/%E0%AE%9A%E0%AF%81%E0%AE%B0%E0%AF%87%E0%AE%B7%E0%AF%8D_(%E0%AE%A8%E0%AE%9F%E0%AE%BF%E0%AE%95%E0%AE%B0%E0%AF%8D)
சுரேஷ் கோபி,https://ta.wikipedia.org/wiki/%E0%AE%9A%E0%AF%81%E0%AE%B0%E0%AF%87%E0%AE%B7%E0%AF%8D_%E0%AE%95%E0%AF%8B%E0%AE%AA%E0%AE%BF
சுரேஷ் சந்திர மேனன்,https://ta.wikipedia.org/wiki/%E0%AE%9A%E0%AF%81%E0%AE%B0%E0%AF%87%E0%AE%B7%E0%AF%8D_%E0%AE%9A%E0%AE%A8%E0%AF%8D%E0%AE%A4%E0%AE%BF%E0%AE%B0_%E0%AE%AE%E0%AF%87%E0%AE%A9%E0%AE%A9%E0%AF%8D
சுலில் குமார்,https://ta.wikipedia.org/wiki/%E0%AE%9A%E0%AF%81%E0%AE%B2%E0%AE%BF%E0%AE%B2%E0%AF%8D_%E0%AE%95%E0%AF%81%E0%AE%AE%E0%AE%BE%E0%AE%B0%E0%AF%8D
சுவாமிநாதன்,https://ta.wikipedia.org/wiki/%E0%AE%9A%E0%AF%81%E0%AE%B5%E0%AE%BE%E0%AE%AE%E0%AE%BF%E0%AE%A8%E0%AE%BE%E0%AE%A4%E0%AE%A9%E0%AF%8D
சூர்யா (நடிகர்),https://ta.wikipedia.org/wiki/%E0%AE%9A%E0%AF%82%E0%AE%B0%E0%AF%8D%E0%AE%AF%E0%AE%BE_(%E0%AE%A8%E0%AE%9F%E0%AE%BF%E0%AE%95%E0%AE%B0%E0%AF%8D)
செந்தாமரை (நடிகர்),https://ta.wikipedia.org/wiki/%E0%AE%9A%E0%AF%86%E0%AE%A8%E0%AF%8D%E0%AE%A4%E0%AE%BE%E0%AE%AE%E0%AE%B0%E0%AF%88_(%E0%AE%A8%E0%AE%9F%E0%AE%BF%E0%AE%95%E0%AE%B0%E0%AF%8D)
செந்தில்,https://ta.wikipedia.org/wiki/%E0%AE%9A%E0%AF%86%E0%AE%A8%E0%AF%8D%E0%AE%A4%E0%AE%BF%E0%AE%B2%E0%AF%8D
செந்தில் கணேஷ்,https://ta.wikipedia.org/wiki/%E0%AE%9A%E0%AF%86%E0%AE%A8%E0%AF%8D%E0%AE%A4%E0%AE%BF%E0%AE%B2%E0%AF%8D_%E0%AE%95%E0%AE%A3%E0%AF%87%E0%AE%B7%E0%AF%8D
செந்தில் குமார்,https://ta.wikipedia.org/wiki/%E0%AE%9A%E0%AF%86%E0%AE%A8%E0%AF%8D%E0%AE%A4%E0%AE%BF%E0%AE%B2%E0%AF%8D_%E0%AE%95%E0%AF%81%E0%AE%AE%E0%AE%BE%E0%AE%B0%E0%AF%8D
செருகளத்தூர் சாமா,https://ta.wikipedia.org/wiki/%E0%AE%9A%E0%AF%86%E0%AE%B0%E0%AF%81%E0%AE%95%E0%AE%B3%E0%AE%A4%E0%AF%8D%E0%AE%A4%E0%AF%82%E0%AE%B0%E0%AF%8D_%E0%AE%9A%E0%AE%BE%E0%AE%AE%E0%AE%BE
செல்லதுரை,https://ta.wikipedia.org/wiki/%E0%AE%9A%E0%AF%86%E0%AE%B2%E0%AF%8D%E0%AE%B2%E0%AE%A4%E0%AF%81%E0%AE%B0%E0%AF%88
செல்வா (நடிகர்),https://ta.wikipedia.org/wiki/%E0%AE%9A%E0%AF%86%E0%AE%B2%E0%AF%8D%E0%AE%B5%E0%AE%BE_(%E0%AE%A8%E0%AE%9F%E0%AE%BF%E0%AE%95%E0%AE%B0%E0%AF%8D)
சென்றாயன்,https://ta.wikipedia.org/wiki/%E0%AE%9A%E0%AF%86%E0%AE%A9%E0%AF%8D%E0%AE%B1%E0%AE%BE%E0%AE%AF%E0%AE%A9%E0%AF%8D
சேரன் (திரைப்பட இயக்குநர்),https://ta.wikipedia.org/wiki/%E0%AE%9A%E0%AF%87%E0%AE%B0%E0%AE%A9%E0%AF%8D_(%E0%AE%A4%E0%AE%BF%E0%AE%B0%E0%AF%88%E0%AE%AA%E0%AF%8D%E0%AE%AA%E0%AE%9F_%E0%AE%87%E0%AE%AF%E0%AE%95%E0%AF%8D%E0%AE%95%E0%AF%81%E0%AE%A8%E0%AE%B0%E0%AF%8D)
சொக்கலிங்க பாகவதர்,https://ta.wikipedia.org/wiki/%E0%AE%9A%E0%AF%8A%E0%AE%95%E0%AF%8D%E0%AE%95%E0%AE%B2%E0%AE%BF%E0%AE%99%E0%AF%8D%E0%AE%95_%E0%AE%AA%E0%AE%BE%E0%AE%95%E0%AE%B5%E0%AE%A4%E0%AE%B0%E0%AF%8D
சொர்ணமால்யா (நடிகை),https://ta.wikipedia.org/wiki/%E0%AE%9A%E0%AF%8A%E0%AE%B0%E0%AF%8D%E0%AE%A3%E0%AE%AE%E0%AE%BE%E0%AE%B2%E0%AF%8D%E0%AE%AF%E0%AE%BE_(%E0%AE%A8%E0%AE%9F%E0%AE%BF%E0%AE%95%E0%AF%88)
சோ ராமசாமி,https://ta.wikipedia.org/wiki/%E0%AE%9A%E0%AF%8B_%E0%AE%B0%E0%AE%BE%E0%AE%AE%E0%AE%9A%E0%AE%BE%E0%AE%AE%E0%AE%BF
சோபராஜ்,https://ta.wikipedia.org/wiki/%E0%AE%9A%E0%AF%8B%E0%AE%AA%E0%AE%B0%E0%AE%BE%E0%AE%9C%E0%AF%8D
சோனாலி பேந்திரே,https://ta.wikipedia.org/wiki/%E0%AE%9A%E0%AF%8B%E0%AE%A9%E0%AE%BE%E0%AE%B2%E0%AE%BF_%E0%AE%AA%E0%AF%87%E0%AE%A8%E0%AF%8D%E0%AE%A4%E0%AE%BF%E0%AE%B0%E0%AF%87
டி. ஆர். இராமச்சந்திரன்,https://ta.wikipedia.org/wiki/%E0%AE%9F%E0%AE%BF._%E0%AE%86%E0%AE%B0%E0%AF%8D._%E0%AE%87%E0%AE%B0%E0%AE%BE%E0%AE%AE%E0%AE%9A%E0%AF%8D%E0%AE%9A%E0%AE%A8%E0%AF%8D%E0%AE%A4%E0%AE%BF%E0%AE%B0%E0%AE%A9%E0%AF%8D
டி. என். ராஜரத்தினம் பிள்ளை,https://ta.wikipedia.org/wiki/%E0%AE%9F%E0%AE%BF._%E0%AE%8E%E0%AE%A9%E0%AF%8D._%E0%AE%B0%E0%AE%BE%E0%AE%9C%E0%AE%B0%E0%AE%A4%E0%AF%8D%E0%AE%A4%E0%AE%BF%E0%AE%A9%E0%AE%AE%E0%AF%8D_%E0%AE%AA%E0%AE%BF%E0%AE%B3%E0%AF%8D%E0%AE%B3%E0%AF%88
டி. எஸ். இராகவேந்திரா,https://ta.wikipedia.org/wiki/%E0%AE%9F%E0%AE%BF._%E0%AE%8E%E0%AE%B8%E0%AF%8D._%E0%AE%87%E0%AE%B0%E0%AE%BE%E0%AE%95%E0%AE%B5%E0%AF%87%E0%AE%A8%E0%AF%8D%E0%AE%A4%E0%AE%BF%E0%AE%B0%E0%AE%BE
டி. எஸ். துரைராஜ்,https://ta.wikipedia.org/wiki/%E0%AE%9F%E0%AE%BF._%E0%AE%8E%E0%AE%B8%E0%AF%8D._%E0%AE%A4%E0%AF%81%E0%AE%B0%E0%AF%88%E0%AE%B0%E0%AE%BE%E0%AE%9C%E0%AF%8D
டி. எஸ். பாலையா,https://ta.wikipedia.org/wiki/%E0%AE%9F%E0%AE%BF._%E0%AE%8E%E0%AE%B8%E0%AF%8D._%E0%AE%AA%E0%AE%BE%E0%AE%B2%E0%AF%88%E0%AE%AF%E0%AE%BE
டி. கே. இராமச்சந்திரன்,https://ta.wikipedia.org/wiki/%E0%AE%9F%E0%AE%BF._%E0%AE%95%E0%AF%87._%E0%AE%87%E0%AE%B0%E0%AE%BE%E0%AE%AE%E0%AE%9A%E0%AF%8D%E0%AE%9A%E0%AE%A8%E0%AF%8D%E0%AE%A4%E0%AE%BF%E0%AE%B0%E0%AE%A9%E0%AF%8D
டி. கே. எஸ். நடராஜன்,https://ta.wikipedia.org/wiki/%E0%AE%9F%E0%AE%BF._%E0%AE%95%E0%AF%87._%E0%AE%8E%E0%AE%B8%E0%AF%8D._%E0%AE%A8%E0%AE%9F%E0%AE%B0%E0%AE%BE%E0%AE%9C%E0%AE%A9%E0%AF%8D
டி. பாலசுப்பிரமணியம்,https://ta.wikipedia.org/wiki/%E0%AE%9F%E0%AE%BF._%E0%AE%AA%E0%AE%BE%E0%AE%B2%E0%AE%9A%E0%AF%81%E0%AE%AA%E0%AF%8D%E0%AE%AA%E0%AE%BF%E0%AE%B0%E0%AE%AE%E0%AE%A3%E0%AE%BF%E0%AE%AF%E0%AE%AE%E0%AF%8D
டி. பி. கஜேந்திரன்,https://ta.wikipedia.org/wiki/%E0%AE%9F%E0%AE%BF._%E0%AE%AA%E0%AE%BF._%E0%AE%95%E0%AE%9C%E0%AF%87%E0%AE%A8%E0%AF%8D%E0%AE%A4%E0%AE%BF%E0%AE%B0%E0%AE%A9%E0%AF%8D
டி. ராஜேந்தர்,https://ta.wikipedia.org/wiki/%E0%AE%9F%E0%AE%BF._%E0%AE%B0%E0%AE%BE%E0%AE%9C%E0%AF%87%E0%AE%A8%E0%AF%8D%E0%AE%A4%E0%AE%B0%E0%AF%8D
டெல்லி கணேஷ்,https://ta.wikipedia.org/wiki/%E0%AE%9F%E0%AF%86%E0%AE%B2%E0%AF%8D%E0%AE%B2%E0%AE%BF_%E0%AE%95%E0%AE%A3%E0%AF%87%E0%AE%B7%E0%AF%8D
டெல்லி குமார்,https://ta.wikipedia.org/wiki/%E0%AE%9F%E0%AF%86%E0%AE%B2%E0%AF%8D%E0%AE%B2%E0%AE%BF_%E0%AE%95%E0%AF%81%E0%AE%AE%E0%AE%BE%E0%AE%B0%E0%AF%8D
டேவிட் சாலமன் ராஜா,https://ta.wikipedia.org/wiki/%E0%AE%9F%E0%AF%87%E0%AE%B5%E0%AE%BF%E0%AE%9F%E0%AF%8D_%E0%AE%9A%E0%AE%BE%E0%AE%B2%E0%AE%AE%E0%AE%A9%E0%AF%8D_%E0%AE%B0%E0%AE%BE%E0%AE%9C%E0%AE%BE
டேனியல் பாலாஜி,https://ta.wikipedia.org/wiki/%E0%AE%9F%E0%AF%87%E0%AE%A9%E0%AE%BF%E0%AE%AF%E0%AE%B2%E0%AF%8D_%E0%AE%AA%E0%AE%BE%E0%AE%B2%E0%AE%BE%E0%AE%9C%E0%AE%BF
டோவினோ தாமசு,https://ta.wikipedia.org/wiki/%E0%AE%9F%E0%AF%8B%E0%AE%B5%E0%AE%BF%E0%AE%A9%E0%AF%8B_%E0%AE%A4%E0%AE%BE%E0%AE%AE%E0%AE%9A%E0%AF%81
தங்கராஜ் (நடிகர்),https://ta.wikipedia.org/wiki/%E0%AE%A4%E0%AE%99%E0%AF%8D%E0%AE%95%E0%AE%B0%E0%AE%BE%E0%AE%9C%E0%AF%8D_(%E0%AE%A8%E0%AE%9F%E0%AE%BF%E0%AE%95%E0%AE%B0%E0%AF%8D)
தண்டபாணி (நடிகர்),https://ta.wikipedia.org/wiki/%E0%AE%A4%E0%AE%A3%E0%AF%8D%E0%AE%9F%E0%AE%AA%E0%AE%BE%E0%AE%A3%E0%AE%BF_(%E0%AE%A8%E0%AE%9F%E0%AE%BF%E0%AE%95%E0%AE%B0%E0%AF%8D)
தம்பி ராமையா,https://ta.wikipedia.org/wiki/%E0%AE%A4%E0%AE%AE%E0%AF%8D%E0%AE%AA%E0%AE%BF_%E0%AE%B0%E0%AE%BE%E0%AE%AE%E0%AF%88%E0%AE%AF%E0%AE%BE
தமிழ் (நடிகர்),https://ta.wikipedia.org/wiki/%E0%AE%A4%E0%AE%AE%E0%AE%BF%E0%AE%B4%E0%AF%8D_(%E0%AE%A8%E0%AE%9F%E0%AE%BF%E0%AE%95%E0%AE%B0%E0%AF%8D)
தனுஷ் (நடிகர்),https://ta.wikipedia.org/wiki/%E0%AE%A4%E0%AE%A9%E0%AF%81%E0%AE%B7%E0%AF%8D_(%E0%AE%A8%E0%AE%9F%E0%AE%BF%E0%AE%95%E0%AE%B0%E0%AF%8D)
தாமு,https://ta.wikipedia.org/wiki/%E0%AE%A4%E0%AE%BE%E0%AE%AE%E0%AF%81
தி. க. சண்முகம்,https://ta.wikipedia.org/wiki/%E0%AE%A4%E0%AE%BF._%E0%AE%95._%E0%AE%9A%E0%AE%A3%E0%AF%8D%E0%AE%AE%E0%AF%81%E0%AE%95%E0%AE%AE%E0%AF%8D
தி. க. பகவதி,https://ta.wikipedia.org/wiki/%E0%AE%A4%E0%AE%BF._%E0%AE%95._%E0%AE%AA%E0%AE%95%E0%AE%B5%E0%AE%A4%E0%AE%BF
தி. சு. சதாசிவம்,https://ta.wikipedia.org/wiki/%E0%AE%A4%E0%AE%BF._%E0%AE%9A%E0%AF%81._%E0%AE%9A%E0%AE%A4%E0%AE%BE%E0%AE%9A%E0%AE%BF%E0%AE%B5%E0%AE%AE%E0%AF%8D
தியாகராஜ பாகவதர்,https://ta.wikipedia.org/wiki/%E0%AE%A4%E0%AE%BF%E0%AE%AF%E0%AE%BE%E0%AE%95%E0%AE%B0%E0%AE%BE%E0%AE%9C_%E0%AE%AA%E0%AE%BE%E0%AE%95%E0%AE%B5%E0%AE%A4%E0%AE%B0%E0%AF%8D
தியாகராஜன்,https://ta.wikipedia.org/wiki/%E0%AE%A4%E0%AE%BF%E0%AE%AF%E0%AE%BE%E0%AE%95%E0%AE%B0%E0%AE%BE%E0%AE%9C%E0%AE%A9%E0%AF%8D
தியாகு (நடிகர்),https://ta.wikipedia.org/wiki/%E0%AE%A4%E0%AE%BF%E0%AE%AF%E0%AE%BE%E0%AE%95%E0%AF%81_(%E0%AE%A8%E0%AE%9F%E0%AE%BF%E0%AE%95%E0%AE%B0%E0%AF%8D)
திலீப் (தமிழ் நடிகர்),https://ta.wikipedia.org/wiki/%E0%AE%A4%E0%AE%BF%E0%AE%B2%E0%AF%80%E0%AE%AA%E0%AF%8D_(%E0%AE%A4%E0%AE%AE%E0%AE%BF%E0%AE%B4%E0%AF%8D_%E0%AE%A8%E0%AE%9F%E0%AE%BF%E0%AE%95%E0%AE%B0%E0%AF%8D)
தினேஷ் கோபாலசாமி,https://ta.wikipedia.org/wiki/%E0%AE%A4%E0%AE%BF%E0%AE%A9%E0%AF%87%E0%AE%B7%E0%AF%8D_%E0%AE%95%E0%AF%8B%E0%AE%AA%E0%AE%BE%E0%AE%B2%E0%AE%9A%E0%AE%BE%E0%AE%AE%E0%AE%BF
தீபக் தினகர்,https://ta.wikipedia.org/wiki/%E0%AE%A4%E0%AF%80%E0%AE%AA%E0%AE%95%E0%AF%8D_%E0%AE%A4%E0%AE%BF%E0%AE%A9%E0%AE%95%E0%AE%B0%E0%AF%8D
தீபக் பரமேசு,https://ta.wikipedia.org/wiki/%E0%AE%A4%E0%AF%80%E0%AE%AA%E0%AE%95%E0%AF%8D_%E0%AE%AA%E0%AE%B0%E0%AE%AE%E0%AF%87%E0%AE%9A%E0%AF%81
துருவ் (நடிகர்),https://ta.wikipedia.org/wiki/%E0%AE%A4%E0%AF%81%E0%AE%B0%E0%AF%81%E0%AE%B5%E0%AF%8D_(%E0%AE%A8%E0%AE%9F%E0%AE%BF%E0%AE%95%E0%AE%B0%E0%AF%8D)
துரைசாமி நெப்போலியன்,https://ta.wikipedia.org/wiki/%E0%AE%A4%E0%AF%81%E0%AE%B0%E0%AF%88%E0%AE%9A%E0%AE%BE%E0%AE%AE%E0%AE%BF_%E0%AE%A8%E0%AF%86%E0%AE%AA%E0%AF%8D%E0%AE%AA%E0%AF%8B%E0%AE%B2%E0%AE%BF%E0%AE%AF%E0%AE%A9%E0%AF%8D
துல்கர் சல்மான்,https://ta.wikipedia.org/wiki/%E0%AE%A4%E0%AF%81%E0%AE%B2%E0%AF%8D%E0%AE%95%E0%AE%B0%E0%AF%8D_%E0%AE%9A%E0%AE%B2%E0%AF%8D%E0%AE%AE%E0%AE%BE%E0%AE%A9%E0%AF%8D
தெ. இரா. மகாலிங்கம்,https://ta.wikipedia.org/wiki/%E0%AE%A4%E0%AF%86._%E0%AE%87%E0%AE%B0%E0%AE%BE._%E0%AE%AE%E0%AE%95%E0%AE%BE%E0%AE%B2%E0%AE%BF%E0%AE%99%E0%AF%8D%E0%AE%95%E0%AE%AE%E0%AF%8D
தென்னவன் (நடிகர்),https://ta.wikipedia.org/wiki/%E0%AE%A4%E0%AF%86%E0%AE%A9%E0%AF%8D%E0%AE%A9%E0%AE%B5%E0%AE%A9%E0%AF%8D_(%E0%AE%A8%E0%AE%9F%E0%AE%BF%E0%AE%95%E0%AE%B0%E0%AF%8D)
தொல். திருமாவளவன்,https://ta.wikipedia.org/wiki/%E0%AE%A4%E0%AF%8A%E0%AE%B2%E0%AF%8D._%E0%AE%A4%E0%AE%BF%E0%AE%B0%E0%AF%81%E0%AE%AE%E0%AE%BE%E0%AE%B5%E0%AE%B3%E0%AE%B5%E0%AE%A9%E0%AF%8D
நகுல்,https://ta.wikipedia.org/wiki/%E0%AE%A8%E0%AE%95%E0%AF%81%E0%AE%B2%E0%AF%8D
நடராஜன் சுப்பிரமணியம்,https://ta.wikipedia.org/wiki/%E0%AE%A8%E0%AE%9F%E0%AE%B0%E0%AE%BE%E0%AE%9C%E0%AE%A9%E0%AF%8D_%E0%AE%9A%E0%AF%81%E0%AE%AA%E0%AF%8D%E0%AE%AA%E0%AE%BF%E0%AE%B0%E0%AE%AE%E0%AE%A3%E0%AE%BF%E0%AE%AF%E0%AE%AE%E0%AF%8D
நந்தன் லோகநாதன்,https://ta.wikipedia.org/wiki/%E0%AE%A8%E0%AE%A8%E0%AF%8D%E0%AE%A4%E0%AE%A9%E0%AF%8D_%E0%AE%B2%E0%AF%8B%E0%AE%95%E0%AE%A8%E0%AE%BE%E0%AE%A4%E0%AE%A9%E0%AF%8D
நந்தா (நடிகர்),https://ta.wikipedia.org/wiki/%E0%AE%A8%E0%AE%A8%E0%AF%8D%E0%AE%A4%E0%AE%BE_(%E0%AE%A8%E0%AE%9F%E0%AE%BF%E0%AE%95%E0%AE%B0%E0%AF%8D)
நமோநாராயணன்,https://ta.wikipedia.org/wiki/%E0%AE%A8%E0%AE%AE%E0%AF%8B%E0%AE%A8%E0%AE%BE%E0%AE%B0%E0%AE%BE%E0%AE%AF%E0%AE%A3%E0%AE%A9%E0%AF%8D
நரேன்,https://ta.wikipedia.org/wiki/%E0%AE%A8%E0%AE%B0%E0%AF%87%E0%AE%A9%E0%AF%8D
நவ்தீப்,https://ta.wikipedia.org/wiki/%E0%AE%A8%E0%AE%B5%E0%AF%8D%E0%AE%A4%E0%AF%80%E0%AE%AA%E0%AF%8D
நளினிகாந்த்,https://ta.wikipedia.org/wiki/%E0%AE%A8%E0%AE%B3%E0%AE%BF%E0%AE%A9%E0%AE%BF%E0%AE%95%E0%AE%BE%E0%AE%A8%E0%AF%8D%E0%AE%A4%E0%AF%8D
நாகர்கோவில் கே. மகாதேவன்,https://ta.wikipedia.org/wiki/%E0%AE%A8%E0%AE%BE%E0%AE%95%E0%AE%B0%E0%AF%8D%E0%AE%95%E0%AF%8B%E0%AE%B5%E0%AE%BF%E0%AE%B2%E0%AF%8D_%E0%AE%95%E0%AF%87._%E0%AE%AE%E0%AE%95%E0%AE%BE%E0%AE%A4%E0%AF%87%E0%AE%B5%E0%AE%A9%E0%AF%8D
நாகேஷ்,https://ta.wikipedia.org/wiki/%E0%AE%A8%E0%AE%BE%E0%AE%95%E0%AF%87%E0%AE%B7%E0%AF%8D
நாசர் (நடிகர்),https://ta.wikipedia.org/wiki/%E0%AE%A8%E0%AE%BE%E0%AE%9A%E0%AE%B0%E0%AF%8D_(%E0%AE%A8%E0%AE%9F%E0%AE%BF%E0%AE%95%E0%AE%B0%E0%AF%8D)
நாடோடிகள் கோபால்,https://ta.wikipedia.org/wiki/%E0%AE%A8%E0%AE%BE%E0%AE%9F%E0%AF%8B%E0%AE%9F%E0%AE%BF%E0%AE%95%E0%AE%B3%E0%AF%8D_%E0%AE%95%E0%AF%8B%E0%AE%AA%E0%AE%BE%E0%AE%B2%E0%AF%8D
நிதின் சத்யா,https://ta.wikipedia.org/wiki/%E0%AE%A8%E0%AE%BF%E0%AE%A4%E0%AE%BF%E0%AE%A9%E0%AF%8D_%E0%AE%9A%E0%AE%A4%E0%AF%8D%E0%AE%AF%E0%AE%BE
நிதிஷ் வீரா,https://ta.wikipedia.org/wiki/%E0%AE%A8%E0%AE%BF%E0%AE%A4%E0%AE%BF%E0%AE%B7%E0%AF%8D_%E0%AE%B5%E0%AF%80%E0%AE%B0%E0%AE%BE
நிவின் பாலி,https://ta.wikipedia.org/wiki/%E0%AE%A8%E0%AE%BF%E0%AE%B5%E0%AE%BF%E0%AE%A9%E0%AF%8D_%E0%AE%AA%E0%AE%BE%E0%AE%B2%E0%AE%BF
நிழல்கள் ரவி,https://ta.wikipedia.org/wiki/%E0%AE%A8%E0%AE%BF%E0%AE%B4%E0%AE%B2%E0%AF%8D%E0%AE%95%E0%AE%B3%E0%AF%8D_%E0%AE%B0%E0%AE%B5%E0%AE%BF
நீத்து சந்திரா,https://ta.wikipedia.org/wiki/%E0%AE%A8%E0%AF%80%E0%AE%A4%E0%AF%8D%E0%AE%A4%E0%AF%81_%E0%AE%9A%E0%AE%A8%E0%AF%8D%E0%AE%A4%E0%AE%BF%E0%AE%B0%E0%AE%BE
நெப்போலியன் துரைசாமி (நடிகர்),https://ta.wikipedia.org/wiki/%E0%AE%A8%E0%AF%86%E0%AE%AA%E0%AF%8D%E0%AE%AA%E0%AF%8B%E0%AE%B2%E0%AE%BF%E0%AE%AF%E0%AE%A9%E0%AF%8D_%E0%AE%A4%E0%AF%81%E0%AE%B0%E0%AF%88%E0%AE%9A%E0%AE%BE%E0%AE%AE%E0%AE%BF_(%E0%AE%A8%E0%AE%9F%E0%AE%BF%E0%AE%95%E0%AE%B0%E0%AF%8D)
நெல்லை சிவா,https://ta.wikipedia.org/wiki/%E0%AE%A8%E0%AF%86%E0%AE%B2%E0%AF%8D%E0%AE%B2%E0%AF%88_%E0%AE%9A%E0%AE%BF%E0%AE%B5%E0%AE%BE
பகவதி பெருமாள்,https://ta.wikipedia.org/wiki/%E0%AE%AA%E0%AE%95%E0%AE%B5%E0%AE%A4%E0%AE%BF_%E0%AE%AA%E0%AF%86%E0%AE%B0%E0%AF%81%E0%AE%AE%E0%AE%BE%E0%AE%B3%E0%AF%8D
பசி நாராயணன்,https://ta.wikipedia.org/wiki/%E0%AE%AA%E0%AE%9A%E0%AE%BF_%E0%AE%A8%E0%AE%BE%E0%AE%B0%E0%AE%BE%E0%AE%AF%E0%AE%A3%E0%AE%A9%E0%AF%8D
பசுபதி (நடிகர்),https://ta.wikipedia.org/wiki/%E0%AE%AA%E0%AE%9A%E0%AF%81%E0%AE%AA%E0%AE%A4%E0%AE%BF_(%E0%AE%A8%E0%AE%9F%E0%AE%BF%E0%AE%95%E0%AE%B0%E0%AF%8D)
படவா கோபி,https://ta.wikipedia.org/wiki/%E0%AE%AA%E0%AE%9F%E0%AE%B5%E0%AE%BE_%E0%AE%95%E0%AF%8B%E0%AE%AA%E0%AE%BF
பரணி (நடிகர்),https://ta.wikipedia.org/wiki/%E0%AE%AA%E0%AE%B0%E0%AE%A3%E0%AE%BF_(%E0%AE%A8%E0%AE%9F%E0%AE%BF%E0%AE%95%E0%AE%B0%E0%AF%8D)
பரத்,https://ta.wikipedia.org/wiki/%E0%AE%AA%E0%AE%B0%E0%AE%A4%E0%AF%8D
பலோமா ராவ்,https://ta.wikipedia.org/wiki/%E0%AE%AA%E0%AE%B2%E0%AF%8B%E0%AE%AE%E0%AE%BE_%E0%AE%B0%E0%AE%BE%E0%AE%B5%E0%AF%8D
பழ. கருப்பையா,https://ta.wikipedia.org/wiki/%E0%AE%AA%E0%AE%B4._%E0%AE%95%E0%AE%B0%E0%AF%81%E0%AE%AA%E0%AF%8D%E0%AE%AA%E0%AF%88%E0%AE%AF%E0%AE%BE
பாட்லிங் மணி,https://ta.wikipedia.org/wiki/%E0%AE%AA%E0%AE%BE%E0%AE%9F%E0%AF%8D%E0%AE%B2%E0%AE%BF%E0%AE%99%E0%AF%8D_%E0%AE%AE%E0%AE%A3%E0%AE%BF
பாண்டி ரவி,https://ta.wikipedia.org/wiki/%E0%AE%AA%E0%AE%BE%E0%AE%A3%E0%AF%8D%E0%AE%9F%E0%AE%BF_%E0%AE%B0%E0%AE%B5%E0%AE%BF
பாண்டியராஜன்,https://ta.wikipedia.org/wiki/%E0%AE%AA%E0%AE%BE%E0%AE%A3%E0%AF%8D%E0%AE%9F%E0%AE%BF%E0%AE%AF%E0%AE%B0%E0%AE%BE%E0%AE%9C%E0%AE%A9%E0%AF%8D
பாண்டியன் (நடிகர்),https://ta.wikipedia.org/wiki/%E0%AE%AA%E0%AE%BE%E0%AE%A3%E0%AF%8D%E0%AE%9F%E0%AE%BF%E0%AE%AF%E0%AE%A9%E0%AF%8D_(%E0%AE%A8%E0%AE%9F%E0%AE%BF%E0%AE%95%E0%AE%B0%E0%AF%8D)
பாபு கணேஷ்,https://ta.wikipedia.org/wiki/%E0%AE%AA%E0%AE%BE%E0%AE%AA%E0%AF%81_%E0%AE%95%E0%AE%A3%E0%AF%87%E0%AE%B7%E0%AF%8D
பார்த்திபன் (நடிகர்),https://ta.wikipedia.org/wiki/%E0%AE%AA%E0%AE%BE%E0%AE%B0%E0%AF%8D%E0%AE%A4%E0%AF%8D%E0%AE%A4%E0%AE%BF%E0%AE%AA%E0%AE%A9%E0%AF%8D_(%E0%AE%A8%E0%AE%9F%E0%AE%BF%E0%AE%95%E0%AE%B0%E0%AF%8D)
பாரதி கண்ணன்,https://ta.wikipedia.org/wiki/%E0%AE%AA%E0%AE%BE%E0%AE%B0%E0%AE%A4%E0%AE%BF_%E0%AE%95%E0%AE%A3%E0%AF%8D%E0%AE%A3%E0%AE%A9%E0%AF%8D
பாரதி மணி,https://ta.wikipedia.org/wiki/%E0%AE%AA%E0%AE%BE%E0%AE%B0%E0%AE%A4%E0%AE%BF_%E0%AE%AE%E0%AE%A3%E0%AE%BF
பாலா (நடிகர்),https://ta.wikipedia.org/wiki/%E0%AE%AA%E0%AE%BE%E0%AE%B2%E0%AE%BE_(%E0%AE%A8%E0%AE%9F%E0%AE%BF%E0%AE%95%E0%AE%B0%E0%AF%8D)
பாலா சரவணன்,https://ta.wikipedia.org/wiki/%E0%AE%AA%E0%AE%BE%E0%AE%B2%E0%AE%BE_%E0%AE%9A%E0%AE%B0%E0%AE%B5%E0%AE%A3%E0%AE%A9%E0%AF%8D
பாலா சிங்,https://ta.wikipedia.org/wiki/%E0%AE%AA%E0%AE%BE%E0%AE%B2%E0%AE%BE_%E0%AE%9A%E0%AE%BF%E0%AE%99%E0%AF%8D
பாலாஜி மோகன்,https://ta.wikipedia.org/wiki/%E0%AE%AA%E0%AE%BE%E0%AE%B2%E0%AE%BE%E0%AE%9C%E0%AE%BF_%E0%AE%AE%E0%AF%8B%E0%AE%95%E0%AE%A9%E0%AF%8D
பாலு ஆனந்த்,https://ta.wikipedia.org/wiki/%E0%AE%AA%E0%AE%BE%E0%AE%B2%E0%AF%81_%E0%AE%86%E0%AE%A9%E0%AE%A8%E0%AF%8D%E0%AE%A4%E0%AF%8D
பாவெல் நவகீதன்,https://ta.wikipedia.org/wiki/%E0%AE%AA%E0%AE%BE%E0%AE%B5%E0%AF%86%E0%AE%B2%E0%AF%8D_%E0%AE%A8%E0%AE%B5%E0%AE%95%E0%AF%80%E0%AE%A4%E0%AE%A9%E0%AF%8D
பானு சந்தர்,https://ta.wikipedia.org/wiki/%E0%AE%AA%E0%AE%BE%E0%AE%A9%E0%AF%81_%E0%AE%9A%E0%AE%A8%E0%AF%8D%E0%AE%A4%E0%AE%B0%E0%AF%8D
பாஸ்கி,https://ta.wikipedia.org/wiki/%E0%AE%AA%E0%AE%BE%E0%AE%B8%E0%AF%8D%E0%AE%95%E0%AE%BF
பி. ஆர். பந்துலு,https://ta.wikipedia.org/wiki/%E0%AE%AA%E0%AE%BF._%E0%AE%86%E0%AE%B0%E0%AF%8D._%E0%AE%AA%E0%AE%A8%E0%AF%8D%E0%AE%A4%E0%AF%81%E0%AE%B2%E0%AF%81
பி. எஸ். வீரப்பா,https://ta.wikipedia.org/wiki/%E0%AE%AA%E0%AE%BF._%E0%AE%8E%E0%AE%B8%E0%AF%8D._%E0%AE%B5%E0%AF%80%E0%AE%B0%E0%AE%AA%E0%AF%8D%E0%AE%AA%E0%AE%BE
பி. ஏ. சுப்பையா பிள்ளை,https://ta.wikipedia.org/wiki/%E0%AE%AA%E0%AE%BF._%E0%AE%8F._%E0%AE%9A%E0%AF%81%E0%AE%AA%E0%AF%8D%E0%AE%AA%E0%AF%88%E0%AE%AF%E0%AE%BE_%E0%AE%AA%E0%AE%BF%E0%AE%B3%E0%AF%8D%E0%AE%B3%E0%AF%88
பி. சாய் குமார்,https://ta.wikipedia.org/wiki/%E0%AE%AA%E0%AE%BF._%E0%AE%9A%E0%AE%BE%E0%AE%AF%E0%AF%8D_%E0%AE%95%E0%AF%81%E0%AE%AE%E0%AE%BE%E0%AE%B0%E0%AF%8D
பி. வி. நரசிம்மபாரதி,https://ta.wikipedia.org/wiki/%E0%AE%AA%E0%AE%BF._%E0%AE%B5%E0%AE%BF._%E0%AE%A8%E0%AE%B0%E0%AE%9A%E0%AE%BF%E0%AE%AE%E0%AF%8D%E0%AE%AE%E0%AE%AA%E0%AE%BE%E0%AE%B0%E0%AE%A4%E0%AE%BF
பி. ஜி. வெங்கடேசன்,https://ta.wikipedia.org/wiki/%E0%AE%AA%E0%AE%BF._%E0%AE%9C%E0%AE%BF._%E0%AE%B5%E0%AF%86%E0%AE%99%E0%AF%8D%E0%AE%95%E0%AE%9F%E0%AF%87%E0%AE%9A%E0%AE%A9%E0%AF%8D
பிரகாஷ் ராஜ்,https://ta.wikipedia.org/wiki/%E0%AE%AA%E0%AE%BF%E0%AE%B0%E0%AE%95%E0%AE%BE%E0%AE%B7%E0%AF%8D_%E0%AE%B0%E0%AE%BE%E0%AE%9C%E0%AF%8D
பிரசன்னா,https://ta.wikipedia.org/wiki/%E0%AE%AA%E0%AE%BF%E0%AE%B0%E0%AE%9A%E0%AE%A9%E0%AF%8D%E0%AE%A9%E0%AE%BE
பிரசாந்த்,https://ta.wikipedia.org/wiki/%E0%AE%AA%E0%AE%BF%E0%AE%B0%E0%AE%9A%E0%AE%BE%E0%AE%A8%E0%AF%8D%E0%AE%A4%E0%AF%8D
பிரதாப் போத்தன்,https://ta.wikipedia.org/wiki/%E0%AE%AA%E0%AE%BF%E0%AE%B0%E0%AE%A4%E0%AE%BE%E0%AE%AA%E0%AF%8D_%E0%AE%AA%E0%AF%8B%E0%AE%A4%E0%AF%8D%E0%AE%A4%E0%AE%A9%E0%AF%8D
பிரதீப் ரவட்,https://ta.wikipedia.org/wiki/%E0%AE%AA%E0%AE%BF%E0%AE%B0%E0%AE%A4%E0%AF%80%E0%AE%AA%E0%AF%8D_%E0%AE%B0%E0%AE%B5%E0%AE%9F%E0%AF%8D
பிரபு (நடிகர்),https://ta.wikipedia.org/wiki/%E0%AE%AA%E0%AE%BF%E0%AE%B0%E0%AE%AA%E0%AF%81_(%E0%AE%A8%E0%AE%9F%E0%AE%BF%E0%AE%95%E0%AE%B0%E0%AF%8D)
பிரபுதேவா,https://ta.wikipedia.org/wiki/%E0%AE%AA%E0%AE%BF%E0%AE%B0%E0%AE%AA%E0%AF%81%E0%AE%A4%E0%AF%87%E0%AE%B5%E0%AE%BE
பிரம்மானந்தம்,https://ta.wikipedia.org/wiki/%E0%AE%AA%E0%AE%BF%E0%AE%B0%E0%AE%AE%E0%AF%8D%E0%AE%AE%E0%AE%BE%E0%AE%A9%E0%AE%A8%E0%AF%8D%E0%AE%A4%E0%AE%AE%E0%AF%8D
பிரமீட் நடராஜன்,https://ta.wikipedia.org/wiki/%E0%AE%AA%E0%AE%BF%E0%AE%B0%E0%AE%AE%E0%AF%80%E0%AE%9F%E0%AF%8D_%E0%AE%A8%E0%AE%9F%E0%AE%B0%E0%AE%BE%E0%AE%9C%E0%AE%A9%E0%AF%8D
பிரித்விராஜ் சுகுமாரன்,https://ta.wikipedia.org/wiki/%E0%AE%AA%E0%AE%BF%E0%AE%B0%E0%AE%BF%E0%AE%A4%E0%AF%8D%E0%AE%B5%E0%AE%BF%E0%AE%B0%E0%AE%BE%E0%AE%9C%E0%AF%8D_%E0%AE%9A%E0%AF%81%E0%AE%95%E0%AF%81%E0%AE%AE%E0%AE%BE%E0%AE%B0%E0%AE%A9%E0%AF%8D
பிரேம் குமார்,https://ta.wikipedia.org/wiki/%E0%AE%AA%E0%AE%BF%E0%AE%B0%E0%AF%87%E0%AE%AE%E0%AF%8D_%E0%AE%95%E0%AF%81%E0%AE%AE%E0%AE%BE%E0%AE%B0%E0%AF%8D
பிரேம் நசீர்,https://ta.wikipedia.org/wiki/%E0%AE%AA%E0%AE%BF%E0%AE%B0%E0%AF%87%E0%AE%AE%E0%AF%8D_%E0%AE%A8%E0%AE%9A%E0%AF%80%E0%AE%B0%E0%AF%8D
பிரேம்ஜி அமரன்,https://ta.wikipedia.org/wiki/%E0%AE%AA%E0%AE%BF%E0%AE%B0%E0%AF%87%E0%AE%AE%E0%AF%8D%E0%AE%9C%E0%AE%BF_%E0%AE%85%E0%AE%AE%E0%AE%B0%E0%AE%A9%E0%AF%8D
பீலி சிவம்,https://ta.wikipedia.org/wiki/%E0%AE%AA%E0%AF%80%E0%AE%B2%E0%AE%BF_%E0%AE%9A%E0%AE%BF%E0%AE%B5%E0%AE%AE%E0%AF%8D
பு. உ. சின்னப்பா,https://ta.wikipedia.org/wiki/%E0%AE%AA%E0%AF%81._%E0%AE%89._%E0%AE%9A%E0%AE%BF%E0%AE%A9%E0%AF%8D%E0%AE%A9%E0%AE%AA%E0%AF%8D%E0%AE%AA%E0%AE%BE
புதுக்கோட்டை சீனு,https://ta.wikipedia.org/wiki/%E0%AE%AA%E0%AF%81%E0%AE%A4%E0%AF%81%E0%AE%95%E0%AF%8D%E0%AE%95%E0%AF%8B%E0%AE%9F%E0%AF%8D%E0%AE%9F%E0%AF%88_%E0%AE%9A%E0%AF%80%E0%AE%A9%E0%AF%81
புவியரசு (நடிகர்),https://ta.wikipedia.org/wiki/%E0%AE%AA%E0%AF%81%E0%AE%B5%E0%AE%BF%E0%AE%AF%E0%AE%B0%E0%AE%9A%E0%AF%81_(%E0%AE%A8%E0%AE%9F%E0%AE%BF%E0%AE%95%E0%AE%B0%E0%AF%8D)
புளிமூட்டை ராமசாமி,https://ta.wikipedia.org/wiki/%E0%AE%AA%E0%AF%81%E0%AE%B3%E0%AE%BF%E0%AE%AE%E0%AF%82%E0%AE%9F%E0%AF%8D%E0%AE%9F%E0%AF%88_%E0%AE%B0%E0%AE%BE%E0%AE%AE%E0%AE%9A%E0%AE%BE%E0%AE%AE%E0%AE%BF
பூர்ணம் விஸ்வநாதன்,https://ta.wikipedia.org/wiki/%E0%AE%AA%E0%AF%82%E0%AE%B0%E0%AF%8D%E0%AE%A3%E0%AE%AE%E0%AF%8D_%E0%AE%B5%E0%AE%BF%E0%AE%B8%E0%AF%8D%E0%AE%B5%E0%AE%A8%E0%AE%BE%E0%AE%A4%E0%AE%A9%E0%AF%8D
பூவிலங்கு மோகன்,https://ta.wikipedia.org/wiki/%E0%AE%AA%E0%AF%82%E0%AE%B5%E0%AE%BF%E0%AE%B2%E0%AE%99%E0%AF%8D%E0%AE%95%E0%AF%81_%E0%AE%AE%E0%AF%8B%E0%AE%95%E0%AE%A9%E0%AF%8D
பெசன்ட் ரவி,https://ta.wikipedia.org/wiki/%E0%AE%AA%E0%AF%86%E0%AE%9A%E0%AE%A9%E0%AF%8D%E0%AE%9F%E0%AF%8D_%E0%AE%B0%E0%AE%B5%E0%AE%BF
பெரிய கருப்புத் தேவர்,https://ta.wikipedia.org/wiki/%E0%AE%AA%E0%AF%86%E0%AE%B0%E0%AE%BF%E0%AE%AF_%E0%AE%95%E0%AE%B0%E0%AF%81%E0%AE%AA%E0%AF%8D%E0%AE%AA%E0%AF%81%E0%AE%A4%E0%AF%8D_%E0%AE%A4%E0%AF%87%E0%AE%B5%E0%AE%B0%E0%AF%8D
பொன்வண்ணன்,https://ta.wikipedia.org/wiki/%E0%AE%AA%E0%AF%8A%E0%AE%A9%E0%AF%8D%E0%AE%B5%E0%AE%A3%E0%AF%8D%E0%AE%A3%E0%AE%A9%E0%AF%8D
பொன்னம்பலம் (நடிகர்),https://ta.wikipedia.org/wiki/%E0%AE%AA%E0%AF%8A%E0%AE%A9%E0%AF%8D%E0%AE%A9%E0%AE%AE%E0%AF%8D%E0%AE%AA%E0%AE%B2%E0%AE%AE%E0%AF%8D_(%E0%AE%A8%E0%AE%9F%E0%AE%BF%E0%AE%95%E0%AE%B0%E0%AF%8D)
போண்டா மணி,https://ta.wikipedia.org/wiki/%E0%AE%AA%E0%AF%8B%E0%AE%A3%E0%AF%8D%E0%AE%9F%E0%AE%BE_%E0%AE%AE%E0%AE%A3%E0%AE%BF
மகாநதி சங்கர்,https://ta.wikipedia.org/wiki/%E0%AE%AE%E0%AE%95%E0%AE%BE%E0%AE%A8%E0%AE%A4%E0%AE%BF_%E0%AE%9A%E0%AE%99%E0%AF%8D%E0%AE%95%E0%AE%B0%E0%AF%8D
மகேந்திரன் (நடிகர்),https://ta.wikipedia.org/wiki/%E0%AE%AE%E0%AE%95%E0%AF%87%E0%AE%A8%E0%AF%8D%E0%AE%A4%E0%AE%BF%E0%AE%B0%E0%AE%A9%E0%AF%8D_(%E0%AE%A8%E0%AE%9F%E0%AE%BF%E0%AE%95%E0%AE%B0%E0%AF%8D)
மகேஷ் (தமிழ் நடிகர்),https://ta.wikipedia.org/wiki/%E0%AE%AE%E0%AE%95%E0%AF%87%E0%AE%B7%E0%AF%8D_(%E0%AE%A4%E0%AE%AE%E0%AE%BF%E0%AE%B4%E0%AF%8D_%E0%AE%A8%E0%AE%9F%E0%AE%BF%E0%AE%95%E0%AE%B0%E0%AF%8D)
மணிகண்டன் (நடிகர்),https://ta.wikipedia.org/wiki/%E0%AE%AE%E0%AE%A3%E0%AE%BF%E0%AE%95%E0%AE%A3%E0%AF%8D%E0%AE%9F%E0%AE%A9%E0%AF%8D_(%E0%AE%A8%E0%AE%9F%E0%AE%BF%E0%AE%95%E0%AE%B0%E0%AF%8D)
மணிவண்ணன்,https://ta.wikipedia.org/wiki/%E0%AE%AE%E0%AE%A3%E0%AE%BF%E0%AE%B5%E0%AE%A3%E0%AF%8D%E0%AE%A3%E0%AE%A9%E0%AF%8D
மதன் பாப்,https://ta.wikipedia.org/wiki/%E0%AE%AE%E0%AE%A4%E0%AE%A9%E0%AF%8D_%E0%AE%AA%E0%AE%BE%E0%AE%AA%E0%AF%8D
மதுசூதன் ராவ்,https://ta.wikipedia.org/wiki/%E0%AE%AE%E0%AE%A4%E0%AF%81%E0%AE%9A%E0%AF%82%E0%AE%A4%E0%AE%A9%E0%AF%8D_%E0%AE%B0%E0%AE%BE%E0%AE%B5%E0%AF%8D
மதுரை முத்து (நகைச்சுவையாளர்),https://ta.wikipedia.org/wiki/%E0%AE%AE%E0%AE%A4%E0%AF%81%E0%AE%B0%E0%AF%88_%E0%AE%AE%E0%AF%81%E0%AE%A4%E0%AF%8D%E0%AE%A4%E0%AF%81_(%E0%AE%A8%E0%AE%95%E0%AF%88%E0%AE%9A%E0%AF%8D%E0%AE%9A%E0%AF%81%E0%AE%B5%E0%AF%88%E0%AE%AF%E0%AE%BE%E0%AE%B3%E0%AE%B0%E0%AF%8D)
மம்மூட்டி,https://ta.wikipedia.org/wiki/%E0%AE%AE%E0%AE%AE%E0%AF%8D%E0%AE%AE%E0%AF%82%E0%AE%9F%E0%AF%8D%E0%AE%9F%E0%AE%BF
மயில்சாமி (நடிகர்),https://ta.wikipedia.org/wiki/%E0%AE%AE%E0%AE%AF%E0%AE%BF%E0%AE%B2%E0%AF%8D%E0%AE%9A%E0%AE%BE%E0%AE%AE%E0%AE%BF_(%E0%AE%A8%E0%AE%9F%E0%AE%BF%E0%AE%95%E0%AE%B0%E0%AF%8D)
மலேசியா வாசுதேவன்,https://ta.wikipedia.org/wiki/%E0%AE%AE%E0%AE%B2%E0%AF%87%E0%AE%9A%E0%AE%BF%E0%AE%AF%E0%AE%BE_%E0%AE%B5%E0%AE%BE%E0%AE%9A%E0%AF%81%E0%AE%A4%E0%AF%87%E0%AE%B5%E0%AE%A9%E0%AF%8D
மன்சூர் அலி கான்,https://ta.wikipedia.org/wiki/%E0%AE%AE%E0%AE%A9%E0%AF%8D%E0%AE%9A%E0%AF%82%E0%AE%B0%E0%AF%8D_%E0%AE%85%E0%AE%B2%E0%AE%BF_%E0%AE%95%E0%AE%BE%E0%AE%A9%E0%AF%8D
மனோ,https://ta.wikipedia.org/wiki/%E0%AE%AE%E0%AE%A9%E0%AF%8B
மனோபாலா,https://ta.wikipedia.org/wiki/%E0%AE%AE%E0%AE%A9%E0%AF%8B%E0%AE%AA%E0%AE%BE%E0%AE%B2%E0%AE%BE
மனோஜ் கே. ஜெயன்,https://ta.wikipedia.org/wiki/%E0%AE%AE%E0%AE%A9%E0%AF%8B%E0%AE%9C%E0%AF%8D_%E0%AE%95%E0%AF%87._%E0%AE%9C%E0%AF%86%E0%AE%AF%E0%AE%A9%E0%AF%8D
மனோஜ் பாரதிராஜா,https://ta.wikipedia.org/wiki/%E0%AE%AE%E0%AE%A9%E0%AF%8B%E0%AE%9C%E0%AF%8D_%E0%AE%AA%E0%AE%BE%E0%AE%B0%E0%AE%A4%E0%AE%BF%E0%AE%B0%E0%AE%BE%E0%AE%9C%E0%AE%BE
மஹத் ராகவேந்திரா,https://ta.wikipedia.org/wiki/%E0%AE%AE%E0%AE%B9%E0%AE%A4%E0%AF%8D_%E0%AE%B0%E0%AE%BE%E0%AE%95%E0%AE%B5%E0%AF%87%E0%AE%A8%E0%AF%8D%E0%AE%A4%E0%AE%BF%E0%AE%B0%E0%AE%BE
மா. நா. நம்பியார்,https://ta.wikipedia.org/wiki/%E0%AE%AE%E0%AE%BE._%E0%AE%A8%E0%AE%BE._%E0%AE%A8%E0%AE%AE%E0%AF%8D%E0%AE%AA%E0%AE%BF%E0%AE%AF%E0%AE%BE%E0%AE%B0%E0%AF%8D
மாணிக்க விநாயகம்,https://ta.wikipedia.org/wiki/%E0%AE%AE%E0%AE%BE%E0%AE%A3%E0%AE%BF%E0%AE%95%E0%AF%8D%E0%AE%95_%E0%AE%B5%E0%AE%BF%E0%AE%A8%E0%AE%BE%E0%AE%AF%E0%AE%95%E0%AE%AE%E0%AF%8D
மாதவன்,https://ta.wikipedia.org/wiki/%E0%AE%AE%E0%AE%BE%E0%AE%A4%E0%AE%B5%E0%AE%A9%E0%AF%8D
மாஸ்டர் பரத்,https://ta.wikipedia.org/wiki/%E0%AE%AE%E0%AE%BE%E0%AE%B8%E0%AF%8D%E0%AE%9F%E0%AE%B0%E0%AF%8D_%E0%AE%AA%E0%AE%B0%E0%AE%A4%E0%AF%8D
மாஸ்டர் ஹாஜா ஷெரிப்,https://ta.wikipedia.org/wiki/%E0%AE%AE%E0%AE%BE%E0%AE%B8%E0%AF%8D%E0%AE%9F%E0%AE%B0%E0%AF%8D_%E0%AE%B9%E0%AE%BE%E0%AE%9C%E0%AE%BE_%E0%AE%B7%E0%AF%86%E0%AE%B0%E0%AE%BF%E0%AE%AA%E0%AF%8D
மித்துன் ராஜகுமார்,https://ta.wikipedia.org/wiki/%E0%AE%AE%E0%AE%BF%E0%AE%A4%E0%AF%8D%E0%AE%A4%E0%AF%81%E0%AE%A9%E0%AF%8D_%E0%AE%B0%E0%AE%BE%E0%AE%9C%E0%AE%95%E0%AF%81%E0%AE%AE%E0%AE%BE%E0%AE%B0%E0%AF%8D
மிதுன் தேஜஸ்வி,https://ta.wikipedia.org/wiki/%E0%AE%AE%E0%AE%BF%E0%AE%A4%E0%AF%81%E0%AE%A9%E0%AF%8D_%E0%AE%A4%E0%AF%87%E0%AE%9C%E0%AE%B8%E0%AF%8D%E0%AE%B5%E0%AE%BF
மிப்பு,https://ta.wikipedia.org/wiki/%E0%AE%AE%E0%AE%BF%E0%AE%AA%E0%AF%8D%E0%AE%AA%E0%AF%81
மு. க. முத்து,https://ta.wikipedia.org/wiki/%E0%AE%AE%E0%AF%81._%E0%AE%95._%E0%AE%AE%E0%AF%81%E0%AE%A4%E0%AF%8D%E0%AE%A4%E0%AF%81
மு. க. ஸ்டாலின்,https://ta.wikipedia.org/wiki/%E0%AE%AE%E0%AF%81._%E0%AE%95._%E0%AE%B8%E0%AF%8D%E0%AE%9F%E0%AE%BE%E0%AE%B2%E0%AE%BF%E0%AE%A9%E0%AF%8D
மு. களஞ்சியம்,https://ta.wikipedia.org/wiki/%E0%AE%AE%E0%AF%81._%E0%AE%95%E0%AE%B3%E0%AE%9E%E0%AF%8D%E0%AE%9A%E0%AE%BF%E0%AE%AF%E0%AE%AE%E0%AF%8D
முகேஷ் ரிசி,https://ta.wikipedia.org/wiki/%E0%AE%AE%E0%AF%81%E0%AE%95%E0%AF%87%E0%AE%B7%E0%AF%8D_%E0%AE%B0%E0%AE%BF%E0%AE%9A%E0%AE%BF
முத்துக்காளை,https://ta.wikipedia.org/wiki/%E0%AE%AE%E0%AF%81%E0%AE%A4%E0%AF%8D%E0%AE%A4%E0%AF%81%E0%AE%95%E0%AF%8D%E0%AE%95%E0%AE%BE%E0%AE%B3%E0%AF%88
முத்துராஜா (நடிகர்),https://ta.wikipedia.org/wiki/%E0%AE%AE%E0%AF%81%E0%AE%A4%E0%AF%8D%E0%AE%A4%E0%AF%81%E0%AE%B0%E0%AE%BE%E0%AE%9C%E0%AE%BE_(%E0%AE%A8%E0%AE%9F%E0%AE%BF%E0%AE%95%E0%AE%B0%E0%AF%8D)
மும்தாஜ் (நடிகை),https://ta.wikipedia.org/wiki/%E0%AE%AE%E0%AF%81%E0%AE%AE%E0%AF%8D%E0%AE%A4%E0%AE%BE%E0%AE%9C%E0%AF%8D_(%E0%AE%A8%E0%AE%9F%E0%AE%BF%E0%AE%95%E0%AF%88)
முரளி (தமிழ் நடிகர்),https://ta.wikipedia.org/wiki/%E0%AE%AE%E0%AF%81%E0%AE%B0%E0%AE%B3%E0%AE%BF_(%E0%AE%A4%E0%AE%AE%E0%AE%BF%E0%AE%B4%E0%AF%8D_%E0%AE%A8%E0%AE%9F%E0%AE%BF%E0%AE%95%E0%AE%B0%E0%AF%8D)
முனீஷ்காந்த் ராமதாஸ்,https://ta.wikipedia.org/wiki/%E0%AE%AE%E0%AF%81%E0%AE%A9%E0%AF%80%E0%AE%B7%E0%AF%8D%E0%AE%95%E0%AE%BE%E0%AE%A8%E0%AF%8D%E0%AE%A4%E0%AF%8D_%E0%AE%B0%E0%AE%BE%E0%AE%AE%E0%AE%A4%E0%AE%BE%E0%AE%B8%E0%AF%8D
மூணார் ரமேஷ்,https://ta.wikipedia.org/wiki/%E0%AE%AE%E0%AF%82%E0%AE%A3%E0%AE%BE%E0%AE%B0%E0%AF%8D_%E0%AE%B0%E0%AE%AE%E0%AF%87%E0%AE%B7%E0%AF%8D
மேஜர் சுந்தரராஜன்,https://ta.wikipedia.org/wiki/%E0%AE%AE%E0%AF%87%E0%AE%9C%E0%AE%B0%E0%AF%8D_%E0%AE%9A%E0%AF%81%E0%AE%A8%E0%AF%8D%E0%AE%A4%E0%AE%B0%E0%AE%B0%E0%AE%BE%E0%AE%9C%E0%AE%A9%E0%AF%8D
மை டியர் பூதம் அபிலாஷ்,https://ta.wikipedia.org/wiki/%E0%AE%AE%E0%AF%88_%E0%AE%9F%E0%AE%BF%E0%AE%AF%E0%AE%B0%E0%AF%8D_%E0%AE%AA%E0%AF%82%E0%AE%A4%E0%AE%AE%E0%AF%8D_%E0%AE%85%E0%AE%AA%E0%AE%BF%E0%AE%B2%E0%AE%BE%E0%AE%B7%E0%AF%8D
மைம் கோபி,https://ta.wikipedia.org/wiki/%E0%AE%AE%E0%AF%88%E0%AE%AE%E0%AF%8D_%E0%AE%95%E0%AF%8B%E0%AE%AA%E0%AE%BF
மோகன் (நடிகர்),https://ta.wikipedia.org/wiki/%E0%AE%AE%E0%AF%8B%E0%AE%95%E0%AE%A9%E0%AF%8D_(%E0%AE%A8%E0%AE%9F%E0%AE%BF%E0%AE%95%E0%AE%B0%E0%AF%8D)
மோகன் ராமன்,https://ta.wikipedia.org/wiki/%E0%AE%AE%E0%AF%8B%E0%AE%95%E0%AE%A9%E0%AF%8D_%E0%AE%B0%E0%AE%BE%E0%AE%AE%E0%AE%A9%E0%AF%8D
மோகன்லால்,https://ta.wikipedia.org/wiki/%E0%AE%AE%E0%AF%8B%E0%AE%95%E0%AE%A9%E0%AF%8D%E0%AE%B2%E0%AE%BE%E0%AE%B2%E0%AF%8D
மோனிகா (நடிகை),https://ta.wikipedia.org/wiki/%E0%AE%AE%E0%AF%8B%E0%AE%A9%E0%AE%BF%E0%AE%95%E0%AE%BE_(%E0%AE%A8%E0%AE%9F%E0%AE%BF%E0%AE%95%E0%AF%88)
மௌலி (இயக்குநர்),https://ta.wikipedia.org/wiki/%E0%AE%AE%E0%AF%8C%E0%AE%B2%E0%AE%BF_(%E0%AE%87%E0%AE%AF%E0%AE%95%E0%AF%8D%E0%AE%95%E0%AF%81%E0%AE%A8%E0%AE%B0%E0%AF%8D)
யுவன்,https://ta.wikipedia.org/wiki/%E0%AE%AF%E0%AF%81%E0%AE%B5%E0%AE%A9%E0%AF%8D
யோக் ஜேபி,https://ta.wikipedia.org/wiki/%E0%AE%AF%E0%AF%8B%E0%AE%95%E0%AF%8D_%E0%AE%9C%E0%AF%87%E0%AE%AA%E0%AE%BF
ரகுமான் (நடிகர்),https://ta.wikipedia.org/wiki/%E0%AE%B0%E0%AE%95%E0%AF%81%E0%AE%AE%E0%AE%BE%E0%AE%A9%E0%AF%8D_(%E0%AE%A8%E0%AE%9F%E0%AE%BF%E0%AE%95%E0%AE%B0%E0%AF%8D)
ரகுராம்,https://ta.wikipedia.org/wiki/%E0%AE%B0%E0%AE%95%E0%AF%81%E0%AE%B0%E0%AE%BE%E0%AE%AE%E0%AF%8D
ரகுவரன்,https://ta.wikipedia.org/wiki/%E0%AE%B0%E0%AE%95%E0%AF%81%E0%AE%B5%E0%AE%B0%E0%AE%A9%E0%AF%8D
ரஞ்சன்,https://ta.wikipedia.org/wiki/%E0%AE%B0%E0%AE%9E%E0%AF%8D%E0%AE%9A%E0%AE%A9%E0%AF%8D
ரஞ்சித்,https://ta.wikipedia.org/wiki/%E0%AE%B0%E0%AE%9E%E0%AF%8D%E0%AE%9A%E0%AE%BF%E0%AE%A4%E0%AF%8D
ரமணா (நடிகர்),https://ta.wikipedia.org/wiki/%E0%AE%B0%E0%AE%AE%E0%AE%A3%E0%AE%BE_(%E0%AE%A8%E0%AE%9F%E0%AE%BF%E0%AE%95%E0%AE%B0%E0%AF%8D)
ரமேஷ் அரவிந்த்,https://ta.wikipedia.org/wiki/%E0%AE%B0%E0%AE%AE%E0%AF%87%E0%AE%B7%E0%AF%8D_%E0%AE%85%E0%AE%B0%E0%AE%B5%E0%AE%BF%E0%AE%A8%E0%AF%8D%E0%AE%A4%E0%AF%8D
ரவி பிரகாசு (தமிழ் நடிகர்),https://ta.wikipedia.org/wiki/%E0%AE%B0%E0%AE%B5%E0%AE%BF_%E0%AE%AA%E0%AE%BF%E0%AE%B0%E0%AE%95%E0%AE%BE%E0%AE%9A%E0%AF%81_(%E0%AE%A4%E0%AE%AE%E0%AE%BF%E0%AE%B4%E0%AF%8D_%E0%AE%A8%E0%AE%9F%E0%AE%BF%E0%AE%95%E0%AE%B0%E0%AF%8D)
ரவி ராகவேந்திரா,https://ta.wikipedia.org/wiki/%E0%AE%B0%E0%AE%B5%E0%AE%BF_%E0%AE%B0%E0%AE%BE%E0%AE%95%E0%AE%B5%E0%AF%87%E0%AE%A8%E0%AF%8D%E0%AE%A4%E0%AE%BF%E0%AE%B0%E0%AE%BE
ரவிச்சந்திரன் (நடிகர்),https://ta.wikipedia.org/wiki/%E0%AE%B0%E0%AE%B5%E0%AE%BF%E0%AE%9A%E0%AF%8D%E0%AE%9A%E0%AE%A8%E0%AF%8D%E0%AE%A4%E0%AE%BF%E0%AE%B0%E0%AE%A9%E0%AF%8D_(%E0%AE%A8%E0%AE%9F%E0%AE%BF%E0%AE%95%E0%AE%B0%E0%AF%8D)
ராகவா லாரன்ஸ்,https://ta.wikipedia.org/wiki/%E0%AE%B0%E0%AE%BE%E0%AE%95%E0%AE%B5%E0%AE%BE_%E0%AE%B2%E0%AE%BE%E0%AE%B0%E0%AE%A9%E0%AF%8D%E0%AE%B8%E0%AF%8D
ராகுல் ரவீந்திரன்,https://ta.wikipedia.org/wiki/%E0%AE%B0%E0%AE%BE%E0%AE%95%E0%AF%81%E0%AE%B2%E0%AF%8D_%E0%AE%B0%E0%AE%B5%E0%AF%80%E0%AE%A8%E0%AF%8D%E0%AE%A4%E0%AE%BF%E0%AE%B0%E0%AE%A9%E0%AF%8D
ராதாரவி,https://ta.wikipedia.org/wiki/%E0%AE%B0%E0%AE%BE%E0%AE%A4%E0%AE%BE%E0%AE%B0%E0%AE%B5%E0%AE%BF
ராபர்ட் (நடன இயக்குநர்),https://ta.wikipedia.org/wiki/%E0%AE%B0%E0%AE%BE%E0%AE%AA%E0%AE%B0%E0%AF%8D%E0%AE%9F%E0%AF%8D_(%E0%AE%A8%E0%AE%9F%E0%AE%A9_%E0%AE%87%E0%AE%AF%E0%AE%95%E0%AF%8D%E0%AE%95%E0%AF%81%E0%AE%A8%E0%AE%B0%E0%AF%8D)
ராம்கி (நடிகர்),https://ta.wikipedia.org/wiki/%E0%AE%B0%E0%AE%BE%E0%AE%AE%E0%AF%8D%E0%AE%95%E0%AE%BF_(%E0%AE%A8%E0%AE%9F%E0%AE%BF%E0%AE%95%E0%AE%B0%E0%AF%8D)
ராமச்சந்திரன் துரைராஜ்,https://ta.wikipedia.org/wiki/%E0%AE%B0%E0%AE%BE%E0%AE%AE%E0%AE%9A%E0%AF%8D%E0%AE%9A%E0%AE%A8%E0%AF%8D%E0%AE%A4%E0%AE%BF%E0%AE%B0%E0%AE%A9%E0%AF%8D_%E0%AE%A4%E0%AF%81%E0%AE%B0%E0%AF%88%E0%AE%B0%E0%AE%BE%E0%AE%9C%E0%AF%8D
ராமராஜன்,https://ta.wikipedia.org/wiki/%E0%AE%B0%E0%AE%BE%E0%AE%AE%E0%AE%B0%E0%AE%BE%E0%AE%9C%E0%AE%A9%E0%AF%8D
ராய் லட்சுமி (நடிகை),https://ta.wikipedia.org/wiki/%E0%AE%B0%E0%AE%BE%E0%AE%AF%E0%AF%8D_%E0%AE%B2%E0%AE%9F%E0%AF%8D%E0%AE%9A%E0%AF%81%E0%AE%AE%E0%AE%BF_(%E0%AE%A8%E0%AE%9F%E0%AE%BF%E0%AE%95%E0%AF%88)
ரால்லபள்ளி (நடிகர்),https://ta.wikipedia.org/wiki/%E0%AE%B0%E0%AE%BE%E0%AE%B2%E0%AF%8D%E0%AE%B2%E0%AE%AA%E0%AE%B3%E0%AF%8D%E0%AE%B3%E0%AE%BF_(%E0%AE%A8%E0%AE%9F%E0%AE%BF%E0%AE%95%E0%AE%B0%E0%AF%8D)
ரானா தக்குபாடி,https://ta.wikipedia.org/wiki/%E0%AE%B0%E0%AE%BE%E0%AE%A9%E0%AE%BE_%E0%AE%A4%E0%AE%95%E0%AF%8D%E0%AE%95%E0%AF%81%E0%AE%AA%E0%AE%BE%E0%AE%9F%E0%AE%BF
ராஜ் அர்ஜூன்,https://ta.wikipedia.org/wiki/%E0%AE%B0%E0%AE%BE%E0%AE%9C%E0%AF%8D_%E0%AE%85%E0%AE%B0%E0%AF%8D%E0%AE%9C%E0%AF%82%E0%AE%A9%E0%AF%8D
ராஜ்கமல்,https://ta.wikipedia.org/wiki/%E0%AE%B0%E0%AE%BE%E0%AE%9C%E0%AF%8D%E0%AE%95%E0%AE%AE%E0%AE%B2%E0%AF%8D
ராஜ்கிரண்,https://ta.wikipedia.org/wiki/%E0%AE%B0%E0%AE%BE%E0%AE%9C%E0%AF%8D%E0%AE%95%E0%AE%BF%E0%AE%B0%E0%AE%A3%E0%AF%8D
ராஜசேகர் (நடிகர்),https://ta.wikipedia.org/wiki/%E0%AE%B0%E0%AE%BE%E0%AE%9C%E0%AE%9A%E0%AF%87%E0%AE%95%E0%AE%B0%E0%AF%8D_(%E0%AE%A8%E0%AE%9F%E0%AE%BF%E0%AE%95%E0%AE%B0%E0%AF%8D)
ராஜீவ்,https://ta.wikipedia.org/wiki/%E0%AE%B0%E0%AE%BE%E0%AE%9C%E0%AF%80%E0%AE%B5%E0%AF%8D
ராஜேஷ்,https://ta.wikipedia.org/wiki/%E0%AE%B0%E0%AE%BE%E0%AE%9C%E0%AF%87%E0%AE%B7%E0%AF%8D
ரிச்சர்ட் ரிசி,https://ta.wikipedia.org/wiki/%E0%AE%B0%E0%AE%BF%E0%AE%9A%E0%AF%8D%E0%AE%9A%E0%AE%B0%E0%AF%8D%E0%AE%9F%E0%AF%8D_%E0%AE%B0%E0%AE%BF%E0%AE%9A%E0%AE%BF
ரியாஸ் கான்,https://ta.wikipedia.org/wiki/%E0%AE%B0%E0%AE%BF%E0%AE%AF%E0%AE%BE%E0%AE%B8%E0%AF%8D_%E0%AE%95%E0%AE%BE%E0%AE%A9%E0%AF%8D
ரியோ ராஜ்,https://ta.wikipedia.org/wiki/%E0%AE%B0%E0%AE%BF%E0%AE%AF%E0%AF%8B_%E0%AE%B0%E0%AE%BE%E0%AE%9C%E0%AF%8D
ரிஷி (நடிகர்),https://ta.wikipedia.org/wiki/%E0%AE%B0%E0%AE%BF%E0%AE%B7%E0%AE%BF_(%E0%AE%A8%E0%AE%9F%E0%AE%BF%E0%AE%95%E0%AE%B0%E0%AF%8D)
லியோ பிரபு,https://ta.wikipedia.org/wiki/%E0%AE%B2%E0%AE%BF%E0%AE%AF%E0%AF%8B_%E0%AE%AA%E0%AE%BF%E0%AE%B0%E0%AE%AA%E0%AF%81
லிவிங்ஸ்டன் (நடிகர்),https://ta.wikipedia.org/wiki/%E0%AE%B2%E0%AE%BF%E0%AE%B5%E0%AE%BF%E0%AE%99%E0%AF%8D%E0%AE%B8%E0%AF%8D%E0%AE%9F%E0%AE%A9%E0%AF%8D_(%E0%AE%A8%E0%AE%9F%E0%AE%BF%E0%AE%95%E0%AE%B0%E0%AF%8D)
லூசு மோகன்,https://ta.wikipedia.org/wiki/%E0%AE%B2%E0%AF%82%E0%AE%9A%E0%AF%81_%E0%AE%AE%E0%AF%8B%E0%AE%95%E0%AE%A9%E0%AF%8D
வ. ஐ. ச. ஜெயபாலன்,https://ta.wikipedia.org/wiki/%E0%AE%B5._%E0%AE%90._%E0%AE%9A._%E0%AE%9C%E0%AF%86%E0%AE%AF%E0%AE%AA%E0%AE%BE%E0%AE%B2%E0%AE%A9%E0%AF%8D
வ. கவுதமன்,https://ta.wikipedia.org/wiki/%E0%AE%B5._%E0%AE%95%E0%AE%B5%E0%AF%81%E0%AE%A4%E0%AE%AE%E0%AE%A9%E0%AF%8D
வட்சன் சக்கரவர்த்தி,https://ta.wikipedia.org/wiki/%E0%AE%B5%E0%AE%9F%E0%AF%8D%E0%AE%9A%E0%AE%A9%E0%AF%8D_%E0%AE%9A%E0%AE%95%E0%AF%8D%E0%AE%95%E0%AE%B0%E0%AE%B5%E0%AE%B0%E0%AF%8D%E0%AE%A4%E0%AF%8D%E0%AE%A4%E0%AE%BF
வடிவேல் பாலாஜி,https://ta.wikipedia.org/wiki/%E0%AE%B5%E0%AE%9F%E0%AE%BF%E0%AE%B5%E0%AF%87%E0%AE%B2%E0%AF%8D_%E0%AE%AA%E0%AE%BE%E0%AE%B2%E0%AE%BE%E0%AE%9C%E0%AE%BF
வடிவேலு (நடிகர்),https://ta.wikipedia.org/wiki/%E0%AE%B5%E0%AE%9F%E0%AE%BF%E0%AE%B5%E0%AF%87%E0%AE%B2%E0%AF%81_(%E0%AE%A8%E0%AE%9F%E0%AE%BF%E0%AE%95%E0%AE%B0%E0%AF%8D)
வத்சல் சேத்,https://ta.wikipedia.org/wiki/%E0%AE%B5%E0%AE%A4%E0%AF%8D%E0%AE%9A%E0%AE%B2%E0%AF%8D_%E0%AE%9A%E0%AF%87%E0%AE%A4%E0%AF%8D
வம்சி கிருஷ்ணா,https://ta.wikipedia.org/wiki/%E0%AE%B5%E0%AE%AE%E0%AF%8D%E0%AE%9A%E0%AE%BF_%E0%AE%95%E0%AE%BF%E0%AE%B0%E0%AF%81%E0%AE%B7%E0%AF%8D%E0%AE%A3%E0%AE%BE
வருண் கமல்,https://ta.wikipedia.org/wiki/%E0%AE%B5%E0%AE%B0%E0%AF%81%E0%AE%A3%E0%AF%8D_%E0%AE%95%E0%AE%AE%E0%AE%B2%E0%AF%8D
வி. அழகப்பன்,https://ta.wikipedia.org/wiki/%E0%AE%B5%E0%AE%BF._%E0%AE%85%E0%AE%B4%E0%AE%95%E0%AE%AA%E0%AF%8D%E0%AE%AA%E0%AE%A9%E0%AF%8D
வி. என். சிதம்பரம்,https://ta.wikipedia.org/wiki/%E0%AE%B5%E0%AE%BF._%E0%AE%8E%E0%AE%A9%E0%AF%8D._%E0%AE%9A%E0%AE%BF%E0%AE%A4%E0%AE%AE%E0%AF%8D%E0%AE%AA%E0%AE%B0%E0%AE%AE%E0%AF%8D
வி. எஸ். ராகவன்,https://ta.wikipedia.org/wiki/%E0%AE%B5%E0%AE%BF._%E0%AE%8E%E0%AE%B8%E0%AF%8D._%E0%AE%B0%E0%AE%BE%E0%AE%95%E0%AE%B5%E0%AE%A9%E0%AF%8D
வி. ஏ. செல்லப்பா,https://ta.wikipedia.org/wiki/%E0%AE%B5%E0%AE%BF._%E0%AE%8F._%E0%AE%9A%E0%AF%86%E0%AE%B2%E0%AF%8D%E0%AE%B2%E0%AE%AA%E0%AF%8D%E0%AE%AA%E0%AE%BE
வி. கே. ராமசாமி,https://ta.wikipedia.org/wiki/%E0%AE%B5%E0%AE%BF._%E0%AE%95%E0%AF%87._%E0%AE%B0%E0%AE%BE%E0%AE%AE%E0%AE%9A%E0%AE%BE%E0%AE%AE%E0%AE%BF
வி. கோபாலகிருட்டிணன் (நடிகர்),https://ta.wikipedia.org/wiki/%E0%AE%B5%E0%AE%BF._%E0%AE%95%E0%AF%8B%E0%AE%AA%E0%AE%BE%E0%AE%B2%E0%AE%95%E0%AE%BF%E0%AE%B0%E0%AF%81%E0%AE%9F%E0%AF%8D%E0%AE%9F%E0%AE%BF%E0%AE%A3%E0%AE%A9%E0%AF%8D_(%E0%AE%A8%E0%AE%9F%E0%AE%BF%E0%AE%95%E0%AE%B0%E0%AF%8D)
வி. சேதுராமன்,https://ta.wikipedia.org/wiki/%E0%AE%B5%E0%AE%BF._%E0%AE%9A%E0%AF%87%E0%AE%A4%E0%AF%81%E0%AE%B0%E0%AE%BE%E0%AE%AE%E0%AE%A9%E0%AF%8D
வி. வி. சடகோபன்,https://ta.wikipedia.org/wiki/%E0%AE%B5%E0%AE%BF._%E0%AE%B5%E0%AE%BF._%E0%AE%9A%E0%AE%9F%E0%AE%95%E0%AF%8B%E0%AE%AA%E0%AE%A9%E0%AF%8D
விக்ரம்,https://ta.wikipedia.org/wiki/%E0%AE%B5%E0%AE%BF%E0%AE%95%E0%AF%8D%E0%AE%B0%E0%AE%AE%E0%AF%8D
விக்ரம் கிருஷ்ணா,https://ta.wikipedia.org/wiki/%E0%AE%B5%E0%AE%BF%E0%AE%95%E0%AF%8D%E0%AE%B0%E0%AE%AE%E0%AF%8D_%E0%AE%95%E0%AE%BF%E0%AE%B0%E0%AF%81%E0%AE%B7%E0%AF%8D%E0%AE%A3%E0%AE%BE
விக்ரம் பிரபு,https://ta.wikipedia.org/wiki/%E0%AE%B5%E0%AE%BF%E0%AE%95%E0%AF%8D%E0%AE%B0%E0%AE%AE%E0%AF%8D_%E0%AE%AA%E0%AE%BF%E0%AE%B0%E0%AE%AA%E0%AF%81
விக்ராந்த் (நடிகர்),https://ta.wikipedia.org/wiki/%E0%AE%B5%E0%AE%BF%E0%AE%95%E0%AF%8D%E0%AE%B0%E0%AE%BE%E0%AE%A8%E0%AF%8D%E0%AE%A4%E0%AF%8D_(%E0%AE%A8%E0%AE%9F%E0%AE%BF%E0%AE%95%E0%AE%B0%E0%AF%8D)
விக்னேஷ்,https://ta.wikipedia.org/wiki/%E0%AE%B5%E0%AE%BF%E0%AE%95%E0%AF%8D%E0%AE%A9%E0%AF%87%E0%AE%B7%E0%AF%8D
விக்னேஷ் சிவன்,https://ta.wikipedia.org/wiki/%E0%AE%B5%E0%AE%BF%E0%AE%95%E0%AF%8D%E0%AE%A9%E0%AF%87%E0%AE%B7%E0%AF%8D_%E0%AE%9A%E0%AE%BF%E0%AE%B5%E0%AE%A9%E0%AF%8D
விச்சு விசுவநாத்,https://ta.wikipedia.org/wiki/%E0%AE%B5%E0%AE%BF%E0%AE%9A%E0%AF%8D%E0%AE%9A%E0%AF%81_%E0%AE%B5%E0%AE%BF%E0%AE%9A%E0%AF%81%E0%AE%B5%E0%AE%A8%E0%AE%BE%E0%AE%A4%E0%AF%8D
விசயகாந்து,https://ta.wikipedia.org/wiki/%E0%AE%B5%E0%AE%BF%E0%AE%9A%E0%AE%AF%E0%AE%95%E0%AE%BE%E0%AE%A8%E0%AF%8D%E0%AE%A4%E0%AF%81
விசு,https://ta.wikipedia.org/wiki/%E0%AE%B5%E0%AE%BF%E0%AE%9A%E0%AF%81
விடிவி கணேஷ்,https://ta.wikipedia.org/wiki/%E0%AE%B5%E0%AE%BF%E0%AE%9F%E0%AE%BF%E0%AE%B5%E0%AE%BF_%E0%AE%95%E0%AE%A3%E0%AF%87%E0%AE%B7%E0%AF%8D
விதார்த்,https://ta.wikipedia.org/wiki/%E0%AE%B5%E0%AE%BF%E0%AE%A4%E0%AE%BE%E0%AE%B0%E0%AF%8D%E0%AE%A4%E0%AF%8D
விமல் (நடிகர்),https://ta.wikipedia.org/wiki/%E0%AE%B5%E0%AE%BF%E0%AE%AE%E0%AE%B2%E0%AF%8D_(%E0%AE%A8%E0%AE%9F%E0%AE%BF%E0%AE%95%E0%AE%B0%E0%AF%8D)
வியட்நாம் வீடு சுந்தரம்,https://ta.wikipedia.org/wiki/%E0%AE%B5%E0%AE%BF%E0%AE%AF%E0%AE%9F%E0%AF%8D%E0%AE%A8%E0%AE%BE%E0%AE%AE%E0%AF%8D_%E0%AE%B5%E0%AF%80%E0%AE%9F%E0%AF%81_%E0%AE%9A%E0%AF%81%E0%AE%A8%E0%AF%8D%E0%AE%A4%E0%AE%B0%E0%AE%AE%E0%AF%8D
விவேக் (நடிகர்),https://ta.wikipedia.org/wiki/%E0%AE%B5%E0%AE%BF%E0%AE%B5%E0%AF%87%E0%AE%95%E0%AF%8D_(%E0%AE%A8%E0%AE%9F%E0%AE%BF%E0%AE%95%E0%AE%B0%E0%AF%8D)
வின்சென்ட் அசோகன்,https://ta.wikipedia.org/wiki/%E0%AE%B5%E0%AE%BF%E0%AE%A9%E0%AF%8D%E0%AE%9A%E0%AF%86%E0%AE%A9%E0%AF%8D%E0%AE%9F%E0%AF%8D_%E0%AE%85%E0%AE%9A%E0%AF%8B%E0%AE%95%E0%AE%A9%E0%AF%8D
வினய்,https://ta.wikipedia.org/wiki/%E0%AE%B5%E0%AE%BF%E0%AE%A9%E0%AE%AF%E0%AF%8D
வினீத்,https://ta.wikipedia.org/wiki/%E0%AE%B5%E0%AE%BF%E0%AE%A9%E0%AF%80%E0%AE%A4%E0%AF%8D
வினு சக்ரவர்த்தி,https://ta.wikipedia.org/wiki/%E0%AE%B5%E0%AE%BF%E0%AE%A9%E0%AF%81_%E0%AE%9A%E0%AE%95%E0%AF%8D%E0%AE%B0%E0%AE%B5%E0%AE%B0%E0%AF%8D%E0%AE%A4%E0%AF%8D%E0%AE%A4%E0%AE%BF
வினோத் குமார்,https://ta.wikipedia.org/wiki/%E0%AE%B5%E0%AE%BF%E0%AE%A9%E0%AF%8B%E0%AE%A4%E0%AF%8D_%E0%AE%95%E0%AF%81%E0%AE%AE%E0%AE%BE%E0%AE%B0%E0%AF%8D
வினோத் சாகர்,https://ta.wikipedia.org/wiki/%E0%AE%B5%E0%AE%BF%E0%AE%A9%E0%AF%8B%E0%AE%A4%E0%AF%8D_%E0%AE%9A%E0%AE%BE%E0%AE%95%E0%AE%B0%E0%AF%8D
வினோத் பாபு,https://ta.wikipedia.org/wiki/%E0%AE%B5%E0%AE%BF%E0%AE%A9%E0%AF%8B%E0%AE%A4%E0%AF%8D_%E0%AE%AA%E0%AE%BE%E0%AE%AA%E0%AF%81
வினோத் ராஜ் (தமிழ்த்திரைப்பட நடிகர்),https://ta.wikipedia.org/wiki/%E0%AE%B5%E0%AE%BF%E0%AE%A9%E0%AF%8B%E0%AE%A4%E0%AF%8D_%E0%AE%B0%E0%AE%BE%E0%AE%9C%E0%AF%8D_(%E0%AE%A4%E0%AE%AE%E0%AE%BF%E0%AE%B4%E0%AF%8D%E0%AE%A4%E0%AF%8D%E0%AE%A4%E0%AE%BF%E0%AE%B0%E0%AF%88%E0%AE%AA%E0%AF%8D%E0%AE%AA%E0%AE%9F_%E0%AE%A8%E0%AE%9F%E0%AE%BF%E0%AE%95%E0%AE%B0%E0%AF%8D)
விஜய் (நடிகர்),https://ta.wikipedia.org/wiki/%E0%AE%B5%E0%AE%BF%E0%AE%9C%E0%AE%AF%E0%AF%8D_(%E0%AE%A8%E0%AE%9F%E0%AE%BF%E0%AE%95%E0%AE%B0%E0%AF%8D)
விஜய் ஆண்டனி,https://ta.wikipedia.org/wiki/%E0%AE%B5%E0%AE%BF%E0%AE%9C%E0%AE%AF%E0%AF%8D_%E0%AE%86%E0%AE%A3%E0%AF%8D%E0%AE%9F%E0%AE%A9%E0%AE%BF
விஜய் கிருஷ்ணராஜ்,https://ta.wikipedia.org/wiki/%E0%AE%B5%E0%AE%BF%E0%AE%9C%E0%AE%AF%E0%AF%8D_%E0%AE%95%E0%AE%BF%E0%AE%B0%E0%AF%81%E0%AE%B7%E0%AF%8D%E0%AE%A3%E0%AE%B0%E0%AE%BE%E0%AE%9C%E0%AF%8D
விஜய் சேதுபதி,https://ta.wikipedia.org/wiki/%E0%AE%B5%E0%AE%BF%E0%AE%9C%E0%AE%AF%E0%AF%8D_%E0%AE%9A%E0%AF%87%E0%AE%A4%E0%AF%81%E0%AE%AA%E0%AE%A4%E0%AE%BF
விஜய் தேவரகொண்டா,https://ta.wikipedia.org/wiki/%E0%AE%B5%E0%AE%BF%E0%AE%9C%E0%AE%AF%E0%AF%8D_%E0%AE%A4%E0%AF%87%E0%AE%B5%E0%AE%B0%E0%AE%95%E0%AF%8A%E0%AE%A3%E0%AF%8D%E0%AE%9F%E0%AE%BE
விஜய் பாபு,https://ta.wikipedia.org/wiki/%E0%AE%B5%E0%AE%BF%E0%AE%9C%E0%AE%AF%E0%AF%8D_%E0%AE%AA%E0%AE%BE%E0%AE%AA%E0%AF%81
விஜய் வசந்த்,https://ta.wikipedia.org/wiki/%E0%AE%B5%E0%AE%BF%E0%AE%9C%E0%AE%AF%E0%AF%8D_%E0%AE%B5%E0%AE%9A%E0%AE%A8%E0%AF%8D%E0%AE%A4%E0%AF%8D
விஜயகாந்த் திரைவாழ்க்கை,https://ta.wikipedia.org/wiki/%E0%AE%B5%E0%AE%BF%E0%AE%9C%E0%AE%AF%E0%AE%95%E0%AE%BE%E0%AE%A8%E0%AF%8D%E0%AE%A4%E0%AF%8D_%E0%AE%A4%E0%AE%BF%E0%AE%B0%E0%AF%88%E0%AE%B5%E0%AE%BE%E0%AE%B4%E0%AF%8D%E0%AE%95%E0%AF%8D%E0%AE%95%E0%AF%88
விஜயகுமார்,https://ta.wikipedia.org/wiki/%E0%AE%B5%E0%AE%BF%E0%AE%9C%E0%AE%AF%E0%AE%95%E0%AF%81%E0%AE%AE%E0%AE%BE%E0%AE%B0%E0%AF%8D
விஜயன் (நடிகர்),https://ta.wikipedia.org/wiki/%E0%AE%B5%E0%AE%BF%E0%AE%9C%E0%AE%AF%E0%AE%A9%E0%AF%8D_(%E0%AE%A8%E0%AE%9F%E0%AE%BF%E0%AE%95%E0%AE%B0%E0%AF%8D)
விஷ்ணு (தொலைக்காட்சி நடிகர்),https://ta.wikipedia.org/wiki/%E0%AE%B5%E0%AE%BF%E0%AE%B7%E0%AF%8D%E0%AE%A3%E0%AF%81_(%E0%AE%A4%E0%AF%8A%E0%AE%B2%E0%AF%88%E0%AE%95%E0%AF%8D%E0%AE%95%E0%AE%BE%E0%AE%9F%E0%AF%8D%E0%AE%9A%E0%AE%BF_%E0%AE%A8%E0%AE%9F%E0%AE%BF%E0%AE%95%E0%AE%B0%E0%AF%8D)
விஷால்,https://ta.wikipedia.org/wiki/%E0%AE%B5%E0%AE%BF%E0%AE%B7%E0%AE%BE%E0%AE%B2%E0%AF%8D
வீர சந்தானம்,https://ta.wikipedia.org/wiki/%E0%AE%B5%E0%AF%80%E0%AE%B0_%E0%AE%9A%E0%AE%A8%E0%AF%8D%E0%AE%A4%E0%AE%BE%E0%AE%A9%E0%AE%AE%E0%AF%8D
வீராசமர்,https://ta.wikipedia.org/wiki/%E0%AE%B5%E0%AF%80%E0%AE%B0%E0%AE%BE%E0%AE%9A%E0%AE%AE%E0%AE%B0%E0%AF%8D
வெங்கட் பிரபு,https://ta.wikipedia.org/wiki/%E0%AE%B5%E0%AF%86%E0%AE%99%E0%AF%8D%E0%AE%95%E0%AE%9F%E0%AF%8D_%E0%AE%AA%E0%AE%BF%E0%AE%B0%E0%AE%AA%E0%AF%81
வெங்கட் ரங்கநாதன்,https://ta.wikipedia.org/wiki/%E0%AE%B5%E0%AF%86%E0%AE%99%E0%AF%8D%E0%AE%95%E0%AE%9F%E0%AF%8D_%E0%AE%B0%E0%AE%99%E0%AF%8D%E0%AE%95%E0%AE%A8%E0%AE%BE%E0%AE%A4%E0%AE%A9%E0%AF%8D
வெண்ணிற ஆடை மூர்த்தி,https://ta.wikipedia.org/wiki/%E0%AE%B5%E0%AF%86%E0%AE%A3%E0%AF%8D%E0%AE%A3%E0%AE%BF%E0%AE%B1_%E0%AE%86%E0%AE%9F%E0%AF%88_%E0%AE%AE%E0%AF%82%E0%AE%B0%E0%AF%8D%E0%AE%A4%E0%AF%8D%E0%AE%A4%E0%AE%BF
வேணு அரவிந்த்,https://ta.wikipedia.org/wiki/%E0%AE%B5%E0%AF%87%E0%AE%A3%E0%AF%81_%E0%AE%85%E0%AE%B0%E0%AE%B5%E0%AE%BF%E0%AE%A8%E0%AF%8D%E0%AE%A4%E0%AF%8D
வேல ராமமூர்த்தி,https://ta.wikipedia.org/wiki/%E0%AE%B5%E0%AF%87%E0%AE%B2_%E0%AE%B0%E0%AE%BE%E0%AE%AE%E0%AE%AE%E0%AF%82%E0%AE%B0%E0%AF%8D%E0%AE%A4%E0%AF%8D%E0%AE%A4%E0%AE%BF
வைபவ் (நடிகர்),https://ta.wikipedia.org/wiki/%E0%AE%B5%E0%AF%88%E0%AE%AA%E0%AE%B5%E0%AF%8D_(%E0%AE%A8%E0%AE%9F%E0%AE%BF%E0%AE%95%E0%AE%B0%E0%AF%8D)
வையாபுரி (நடிகர்),https://ta.wikipedia.org/wiki/%E0%AE%B5%E0%AF%88%E0%AE%AF%E0%AE%BE%E0%AE%AA%E0%AF%81%E0%AE%B0%E0%AE%BF_(%E0%AE%A8%E0%AE%9F%E0%AE%BF%E0%AE%95%E0%AE%B0%E0%AF%8D)
ஜாகுவார் தங்கம்,https://ta.wikipedia.org/wiki/%E0%AE%9C%E0%AE%BE%E0%AE%95%E0%AF%81%E0%AE%B5%E0%AE%BE%E0%AE%B0%E0%AF%8D_%E0%AE%A4%E0%AE%99%E0%AF%8D%E0%AE%95%E0%AE%AE%E0%AF%8D
ஜார்ஜ் மரியன்,https://ta.wikipedia.org/wiki/%E0%AE%9C%E0%AE%BE%E0%AE%B0%E0%AF%8D%E0%AE%9C%E0%AF%8D_%E0%AE%AE%E0%AE%B0%E0%AE%BF%E0%AE%AF%E0%AE%A9%E0%AF%8D
ஜார்ஜ் விஷ்ணு,https://ta.wikipedia.org/wiki/%E0%AE%9C%E0%AE%BE%E0%AE%B0%E0%AF%8D%E0%AE%9C%E0%AF%8D_%E0%AE%B5%E0%AE%BF%E0%AE%B7%E0%AF%8D%E0%AE%A3%E0%AF%81
ஜாலி ஆபிரகாம்,https://ta.wikipedia.org/wiki/%E0%AE%9C%E0%AE%BE%E0%AE%B2%E0%AE%BF_%E0%AE%86%E0%AE%AA%E0%AE%BF%E0%AE%B0%E0%AE%95%E0%AE%BE%E0%AE%AE%E0%AF%8D
ஜாவர் சீதாராமன்,https://ta.wikipedia.org/wiki/%E0%AE%9C%E0%AE%BE%E0%AE%B5%E0%AE%B0%E0%AF%8D_%E0%AE%9A%E0%AF%80%E0%AE%A4%E0%AE%BE%E0%AE%B0%E0%AE%BE%E0%AE%AE%E0%AE%A9%E0%AF%8D
ஜி. எம். குமார்,https://ta.wikipedia.org/wiki/%E0%AE%9C%E0%AE%BF._%E0%AE%8E%E0%AE%AE%E0%AF%8D._%E0%AE%95%E0%AF%81%E0%AE%AE%E0%AE%BE%E0%AE%B0%E0%AF%8D
ஜி. பட்டு ஐயர்,https://ta.wikipedia.org/wiki/%E0%AE%9C%E0%AE%BF._%E0%AE%AA%E0%AE%9F%E0%AF%8D%E0%AE%9F%E0%AF%81_%E0%AE%90%E0%AE%AF%E0%AE%B0%E0%AF%8D
ஜி. மாரிமுத்து,https://ta.wikipedia.org/wiki/%E0%AE%9C%E0%AE%BF._%E0%AE%AE%E0%AE%BE%E0%AE%B0%E0%AE%BF%E0%AE%AE%E0%AF%81%E0%AE%A4%E0%AF%8D%E0%AE%A4%E0%AF%81
ஜித்தன் ரமேஷ்,https://ta.wikipedia.org/wiki/%E0%AE%9C%E0%AE%BF%E0%AE%A4%E0%AF%8D%E0%AE%A4%E0%AE%A9%E0%AF%8D_%E0%AE%B0%E0%AE%AE%E0%AF%87%E0%AE%B7%E0%AF%8D
ஜீவன் (நடிகர்),https://ta.wikipedia.org/wiki/%E0%AE%9C%E0%AF%80%E0%AE%B5%E0%AE%A9%E0%AF%8D_(%E0%AE%A8%E0%AE%9F%E0%AE%BF%E0%AE%95%E0%AE%B0%E0%AF%8D)
ஜீவா (திரைப்பட நடிகர்),https://ta.wikipedia.org/wiki/%E0%AE%9C%E0%AF%80%E0%AE%B5%E0%AE%BE_(%E0%AE%A4%E0%AE%BF%E0%AE%B0%E0%AF%88%E0%AE%AA%E0%AF%8D%E0%AE%AA%E0%AE%9F_%E0%AE%A8%E0%AE%9F%E0%AE%BF%E0%AE%95%E0%AE%B0%E0%AF%8D)
ஜீவா (தெலுங்கு நடிகர்),https://ta.wikipedia.org/wiki/%E0%AE%9C%E0%AF%80%E0%AE%B5%E0%AE%BE_(%E0%AE%A4%E0%AF%86%E0%AE%B2%E0%AF%81%E0%AE%99%E0%AF%8D%E0%AE%95%E0%AF%81_%E0%AE%A8%E0%AE%9F%E0%AE%BF%E0%AE%95%E0%AE%B0%E0%AF%8D)
ஜீவா ரவி,https://ta.wikipedia.org/wiki/%E0%AE%9C%E0%AF%80%E0%AE%B5%E0%AE%BE_%E0%AE%B0%E0%AE%B5%E0%AE%BF
ஜூனியர் பாலையா,https://ta.wikipedia.org/wiki/%E0%AE%9C%E0%AF%82%E0%AE%A9%E0%AE%BF%E0%AE%AF%E0%AE%B0%E0%AF%8D_%E0%AE%AA%E0%AE%BE%E0%AE%B2%E0%AF%88%E0%AE%AF%E0%AE%BE
ஜெ. சத்திஷ் குமார்,https://ta.wikipedia.org/wiki/%E0%AE%9C%E0%AF%86._%E0%AE%9A%E0%AE%A4%E0%AF%8D%E0%AE%A4%E0%AE%BF%E0%AE%B7%E0%AF%8D_%E0%AE%95%E0%AF%81%E0%AE%AE%E0%AE%BE%E0%AE%B0%E0%AF%8D
ஜெகன்,https://ta.wikipedia.org/wiki/%E0%AE%9C%E0%AF%86%E0%AE%95%E0%AE%A9%E0%AF%8D
ஜெமினி கணேசன்,https://ta.wikipedia.org/wiki/%E0%AE%9C%E0%AF%86%E0%AE%AE%E0%AE%BF%E0%AE%A9%E0%AE%BF_%E0%AE%95%E0%AE%A3%E0%AF%87%E0%AE%9A%E0%AE%A9%E0%AF%8D
ஜெய்,https://ta.wikipedia.org/wiki/%E0%AE%9C%E0%AF%86%E0%AE%AF%E0%AF%8D
ஜெய்கணேஷ்,https://ta.wikipedia.org/wiki/%E0%AE%9C%E0%AF%86%E0%AE%AF%E0%AF%8D%E0%AE%95%E0%AE%A3%E0%AF%87%E0%AE%B7%E0%AF%8D
ஜெய்சங்கர்,https://ta.wikipedia.org/wiki/%E0%AE%9C%E0%AF%86%E0%AE%AF%E0%AF%8D%E0%AE%9A%E0%AE%99%E0%AF%8D%E0%AE%95%E0%AE%B0%E0%AF%8D
ஜெயம் ரவி,https://ta.wikipedia.org/wiki/%E0%AE%9C%E0%AF%86%E0%AE%AF%E0%AE%AE%E0%AF%8D_%E0%AE%B0%E0%AE%B5%E0%AE%BF
ஜெயராம் (நடிகர்),https://ta.wikipedia.org/wiki/%E0%AE%9C%E0%AF%86%E0%AE%AF%E0%AE%B0%E0%AE%BE%E0%AE%AE%E0%AF%8D_(%E0%AE%A8%E0%AE%9F%E0%AE%BF%E0%AE%95%E0%AE%B0%E0%AF%8D)
ஜே. கே. ரித்தீஷ்,https://ta.wikipedia.org/wiki/%E0%AE%9C%E0%AF%87._%E0%AE%95%E0%AF%87._%E0%AE%B0%E0%AE%BF%E0%AE%A4%E0%AF%8D%E0%AE%A4%E0%AF%80%E0%AE%B7%E0%AF%8D
ஜே. டி. சக்ரவர்த்தி,https://ta.wikipedia.org/wiki/%E0%AE%9C%E0%AF%87._%E0%AE%9F%E0%AE%BF._%E0%AE%9A%E0%AE%95%E0%AF%8D%E0%AE%B0%E0%AE%B5%E0%AE%B0%E0%AF%8D%E0%AE%A4%E0%AF%8D%E0%AE%A4%E0%AE%BF
ஜே. பி. சந்திரபாபு,https://ta.wikipedia.org/wiki/%E0%AE%9C%E0%AF%87._%E0%AE%AA%E0%AE%BF._%E0%AE%9A%E0%AE%A8%E0%AF%8D%E0%AE%A4%E0%AE%BF%E0%AE%B0%E0%AE%AA%E0%AE%BE%E0%AE%AA%E0%AF%81
ஸ்டாலின் (நடிகர்),https://ta.wikipedia.org/wiki/%E0%AE%B8%E0%AF%8D%E0%AE%9F%E0%AE%BE%E0%AE%B2%E0%AE%BF%E0%AE%A9%E0%AF%8D_(%E0%AE%A8%E0%AE%9F%E0%AE%BF%E0%AE%95%E0%AE%B0%E0%AF%8D)
ஸ்ரீ (நடிகர்),https://ta.wikipedia.org/wiki/%E0%AE%B8%E0%AF%8D%E0%AE%B0%E0%AF%80_(%E0%AE%A8%E0%AE%9F%E0%AE%BF%E0%AE%95%E0%AE%B0%E0%AF%8D)
ஸ்ரீ குமார்,https://ta.wikipedia.org/wiki/%E0%AE%B8%E0%AF%8D%E0%AE%B0%E0%AF%80_%E0%AE%95%E0%AF%81%E0%AE%AE%E0%AE%BE%E0%AE%B0%E0%AF%8D
ஸ்ரீகாந்த் (நடிகர்),https://ta.wikipedia.org/wiki/%E0%AE%B8%E0%AF%8D%E0%AE%B0%E0%AF%80%E0%AE%95%E0%AE%BE%E0%AE%A8%E0%AF%8D%E0%AE%A4%E0%AF%8D_(%E0%AE%A8%E0%AE%9F%E0%AE%BF%E0%AE%95%E0%AE%B0%E0%AF%8D)
ஸ்ரீகாந்த் (பழைய தமிழ் நடிகர்),https://ta.wikipedia.org/wiki/%E0%AE%B8%E0%AF%8D%E0%AE%B0%E0%AF%80%E0%AE%95%E0%AE%BE%E0%AE%A8%E0%AF%8D%E0%AE%A4%E0%AF%8D_(%E0%AE%AA%E0%AE%B4%E0%AF%88%E0%AE%AF_%E0%AE%A4%E0%AE%AE%E0%AE%BF%E0%AE%B4%E0%AF%8D_%E0%AE%A8%E0%AE%9F%E0%AE%BF%E0%AE%95%E0%AE%B0%E0%AF%8D)
ஸ்ரீராம் (நடிகர்),https://ta.wikipedia.org/wiki/%E0%AE%B8%E0%AF%8D%E0%AE%B0%E0%AF%80%E0%AE%B0%E0%AE%BE%E0%AE%AE%E0%AF%8D_(%E0%AE%A8%E0%AE%9F%E0%AE%BF%E0%AE%95%E0%AE%B0%E0%AF%8D)
ஹர்ஷவர்தன் ராணே,https://ta.wikipedia.org/wiki/%E0%AE%B9%E0%AE%B0%E0%AF%8D%E0%AE%B7%E0%AE%B5%E0%AE%B0%E0%AF%8D%E0%AE%A4%E0%AE%A9%E0%AF%8D_%E0%AE%B0%E0%AE%BE%E0%AE%A3%E0%AF%87
ஹரிகுமார்,https://ta.wikipedia.org/wiki/%E0%AE%B9%E0%AE%B0%E0%AE%BF%E0%AE%95%E0%AF%81%E0%AE%AE%E0%AE%BE%E0%AE%B0%E0%AF%8D
ஹரிஷ் உத்தமன்,https://ta.wikipedia.org/wiki/%E0%AE%B9%E0%AE%B0%E0%AE%BF%E0%AE%B7%E0%AF%8D_%E0%AE%89%E0%AE%A4%E0%AF%8D%E0%AE%A4%E0%AE%AE%E0%AE%A9%E0%AF%8D
ஹரீஷ் கல்யாண்,https://ta.wikipedia.org/wiki/%E0%AE%B9%E0%AE%B0%E0%AF%80%E0%AE%B7%E0%AF%8D_%E0%AE%95%E0%AE%B2%E0%AF%8D%E0%AE%AF%E0%AE%BE%E0%AE%A3%E0%AF%8D
ஹரீஷ் பேரடி,https://ta.wikipedia.org/wiki/%E0%AE%B9%E0%AE%B0%E0%AF%80%E0%AE%B7%E0%AF%8D_%E0%AE%AA%E0%AF%87%E0%AE%B0%E0%AE%9F%E0%AE%BF
ஹிப்ஹாப் தமிழா,https://ta.wikipedia.org/wiki/%E0%AE%B9%E0%AE%BF%E0%AE%AA%E0%AF%8D%E0%AE%B9%E0%AE%BE%E0%AE%AA%E0%AF%8D_%E0%AE%A4%E0%AE%AE%E0%AE%BF%E0%AE%B4%E0%AE%BE
அஸ்வின் குமார் லட்சுமிகாந்தன்,https://ta.wikipedia.org/wiki/%E0%AE%85%E0%AE%B8%E0%AF%8D%E0%AE%B5%E0%AE%BF%E0%AE%A9%E0%AF%8D_%E0%AE%95%E0%AF%81%E0%AE%AE%E0%AE%BE%E0%AE%B0%E0%AF%8D_%E0%AE%B2%E0%AE%9F%E0%AF%8D%E0%AE%9A%E0%AF%81%E0%AE%AE%E0%AE%BF%E0%AE%95%E0%AE%BE%E0%AE%A8%E0%AF%8D%E0%AE%A4%E0%AE%A9%E0%AF%8D
ராகுல் ரவி,https://ta.wikipedia.org/wiki/%E0%AE%B0%E0%AE%BE%E0%AE%95%E0%AF%81%E0%AE%B2%E0%AF%8D_%E0%AE%B0%E0%AE%B5%E0%AE%BF
ராஜா (நடிகர்),https://ta.wikipedia.org/wiki/%E0%AE%B0%E0%AE%BE%E0%AE%9C%E0%AE%BE_(%E0%AE%A8%E0%AE%9F%E0%AE%BF%E0%AE%95%E0%AE%B0%E0%AF%8D)
பாபி சிம்ஹா,https://ta.wikipedia.org/wiki/%E0%AE%AA%E0%AE%BE%E0%AE%AA%E0%AE%BF_%E0%AE%9A%E0%AE%BF%E0%AE%AE%E0%AF%8D%E0%AE%B9%E0%AE%BE
ரமேஷ் திலக்,https://ta.wikipedia.org/wiki/%E0%AE%B0%E0%AE%AE%E0%AF%87%E0%AE%B7%E0%AF%8D_%E0%AE%A4%E0%AE%BF%E0%AE%B2%E0%AE%95%E0%AF%8D
விஷ்ணு (நடிகர்),https://ta.wikipedia.org/wiki/%E0%AE%B5%E0%AE%BF%E0%AE%B7%E0%AF%8D%E0%AE%A3%E0%AF%81_(%E0%AE%A8%E0%AE%9F%E0%AE%BF%E0%AE%95%E0%AE%B0%E0%AF%8D)
கே. விஸ்வநாத்,https://ta.wikipedia.org/wiki/%E0%AE%95%E0%AF%87._%E0%AE%B5%E0%AE%BF%E0%AE%B8%E0%AF%8D%E0%AE%B5%E0%AE%A8%E0%AE%BE%E0%AE%A4%E0%AF%8D
